"Input invariants"	"Petal permutation"	"Actual invariants"
"{  22.,   16.,    0., 2277.}"	"{ -39.1858,  -59.9945,  -57.6127,  -52.8087,  -83.8346,  -71.8589, -111.8329, -122.7410,  -64.2703,  -92.8886,  -69.9901, -117.3269,  -92.7126,  -98.6798, -111.4233, -109.8171,  -97.5320,  -70.0395, -115.0274,  -55.8799, -104.8772,  -77.4450,  -96.0684,  -54.3278, -112.5451}"	"{10, 6, -2, 99, {{-11, 1}, {-10, -4}, {-9, 8}, {-8, -12}, {-7, 15}, {-6, -16}, {-5, 15}, {-4, -13}, {-3, 9}, {-2, -4}, {-1, 2}}, {{-3, 1}, {-2, -8}, {-1, 24}, {0, -33}, {1, 24}, {2, -8}, {3, 1}}}"
"{ 1.7000e+01,  1.0000e+01, -4.0000e+00,  5.1090e+03}"	"{ -86.7202, -132.7957, -127.4981, -116.9081, -185.5918, -159.0793, -247.5577, -271.7428, -142.2682, -205.6109, -154.9107, -259.7312, -205.2837, -218.4235, -246.6816, -243.1127, -215.9155, -155.0361, -254.6625, -123.6978, -232.1413, -171.4399, -212.6754, -120.2686, -249.1396}"	"{10, 6, -2, 99, {{-11, 1}, {-10, -4}, {-9, 8}, {-8, -12}, {-7, 15}, {-6, -16}, {-5, 15}, {-4, -13}, {-3, 9}, {-2, -4}, {-1, 2}}, {{-3, 1}, {-2, -8}, {-1, 24}, {0, -33}, {1, 24}, {2, -8}, {3, 1}}}"
"{12.,  6.,  2., 99.}"	"{-2.0890, -3.1907, -3.0725, -2.8027, -4.4503, -3.8155, -5.9423, -6.5082, -3.4157, -4.9391, -3.7251, -6.2307, -4.9104, -5.2492, -5.9081, -5.8285, -5.1779, -3.7238, -6.1006, -2.9705, -5.5788, -4.1136, -5.0998, -2.8845, -5.9771}"	"{13, 6, -2, 163, {{-15, 1}, {-14, -4}, {-13, 9}, {-12, -16}, {-11, 22}, {-10, -26}, {-9, 27}, {-8, -24}, {-7, 18}, {-6, -11}, {-5, 5}, {-4, -1}, {-2, 1}}, {{-3, 2}, {-2, -13}, {-1, 39}, {0, -55}, {1, 39}, {2, -13}, {3, 2}}}"
"{  20.,   16.,    6., 3475.}"	"{ -59.3473,  -90.8690,  -87.2551,  -79.9903, -126.9905, -108.8484, -169.3949, -185.9310,  -97.3492, -140.6937, -106.0050, -177.7225, -140.4529, -149.4655, -168.7840, -166.3454, -147.7369, -106.0872, -174.2432,  -84.6436, -158.8522, -117.3114, -145.5242,  -82.2929, -170.4753}"	"{10, 6, -2, 99, {{-11, 1}, {-10, -4}, {-9, 8}, {-8, -12}, {-7, 15}, {-6, -16}, {-5, 15}, {-4, -13}, {-3, 9}, {-2, -4}, {-1, 2}}, {{-3, 1}, {-2, -8}, {-1, 24}, {0, -33}, {1, 24}, {2, -8}, {3, 1}}}"
"{ 16.,  12.,   0., 325.}"	"{ -6.0555,  -9.2618,  -8.9034,  -8.1463, -12.9317, -11.0851, -17.2573, -18.9251,  -9.9191, -14.3386, -10.8093, -18.1001, -14.2868, -15.2345, -17.1820, -16.9392, -15.0449, -10.8102, -17.7372,  -8.6229, -16.1908, -11.9482, -14.8181,  -8.3808, -17.3644} "	"{10, 6, -2, 99, {{-11, 1}, {-10, -4}, {-9, 8}, {-8, -12}, {-7, 15}, {-6, -16}, {-5, 15}, {-4, -13}, {-3, 9}, {-2, -4}, {-1, 2}}, {{-3, 1}, {-2, -8}, {-1, 24}, {0, -33}, {1, 24}, {2, -8}, {3, 1}}}"
"{ 9.,  6.,  0., 45.}"	"{-1.1688, -1.7809, -1.7182, -1.5623, -2.4809, -2.1277, -3.3164, -3.6244, -1.9064, -2.7587, -2.0814, -3.4743, -2.7328, -2.9316, -3.2914, -3.2494, -2.8874, -2.0786, -3.3995, -1.6571, -3.1147, -2.2961, -2.8434, -1.6082, -3.3350}"	"{13, 6, -2, 163, {{-15, 1}, {-14, -4}, {-13, 9}, {-12, -16}, {-11, 22}, {-10, -26}, {-9, 27}, {-8, -24}, {-7, 18}, {-6, -11}, {-5, 5}, {-4, -1}, {-2, 1}}, {{-3, 2}, {-2, -13}, {-1, 39}, {0, -55}, {1, 39}, {2, -13}, {3, 2}}}"
"{2.4000e+01, 1.8000e+01, 6.0000e+00, 1.2419e+04}"	"{-210.2446, -321.9567, -309.1086, -283.4412, -449.9763, -385.6913, -600.2048, -658.8591, -344.9267, -498.4944, -375.5684, -629.7288, -497.7359, -529.5624, -598.0928, -589.4316, -523.4916, -375.8830, -617.4411, -299.9091, -562.8214, -415.6658, -515.6453, -291.5937, -604.0438}"	"{10, 6, -2, 99, {{-11, 1}, {-10, -4}, {-9, 8}, {-8, -12}, {-7, 15}, {-6, -16}, {-5, 15}, {-4, -13}, {-3, 9}, {-2, -4}, {-1, 2}}, {{-3, 1}, {-2, -8}, {-1, 24}, {0, -33}, {1, 24}, {2, -8}, {3, 1}}}"
"{ 14.,   8.,   0., 781.}"	"{-13.6602, -20.9090, -20.0835, -18.4017, -29.2122, -25.0400, -38.9723, -42.7654, -22.3975, -32.3730, -24.3942, -40.8845, -32.2994, -34.3917, -38.8224, -38.2661, -33.9857, -24.4088, -40.0782, -19.4735, -36.5510, -26.9869, -33.4754, -18.9309, -39.2181}"	"{10, 6, -2, 99, {{-11, 1}, {-10, -4}, {-9, 8}, {-8, -12}, {-7, 15}, {-6, -16}, {-5, 15}, {-4, -13}, {-3, 9}, {-2, -4}, {-1, 2}}, {{-3, 1}, {-2, -8}, {-1, 24}, {0, -33}, {1, 24}, {2, -8}, {3, 1}}}"
"{ 23.,  18., -10., 527.}"	"{ -9.7061, -14.8516, -14.2704, -13.0666, -20.7367, -17.7761, -27.6712, -30.3518, -15.9064, -22.9924, -17.3327, -29.0221, -22.9121, -24.4255, -27.5578, -27.1665, -24.1277, -17.3335, -28.4485, -13.8241, -25.9593, -19.1561, -23.7585, -13.4398, -27.8457}"	"{10, 6, -2, 99, {{-11, 1}, {-10, -4}, {-9, 8}, {-8, -12}, {-7, 15}, {-6, -16}, {-5, 15}, {-4, -13}, {-3, 9}, {-2, -4}, {-1, 2}}, {{-3, 1}, {-2, -8}, {-1, 24}, {0, -33}, {1, 24}, {2, -8}, {3, 1}}}"
"{16.,  6., -2., 23.}"	"{-1.1619, -1.7669, -1.7077, -1.5456, -2.4520, -2.1076, -3.2842, -3.5765, -1.8919, -2.7405, -2.0673, -3.4409, -2.6908, -2.9085, -3.2526, -3.2167, -2.8608, -2.0624, -3.3596, -1.6445, -3.0931, -2.2756, -2.8114, -1.5935, -3.3058}"	"{13, 6, -2, 163, {{-15, 1}, {-14, -4}, {-13, 9}, {-12, -16}, {-11, 22}, {-10, -26}, {-9, 27}, {-8, -24}, {-7, 18}, {-6, -11}, {-5, 5}, {-4, -1}, {-2, 1}}, {{-3, 2}, {-2, -13}, {-1, 39}, {0, -55}, {1, 39}, {2, -13}, {3, 2}}}"
"{ 15.,  10.,   0., 353.}"	"{ -6.4845,  -9.9193,  -9.5336,  -8.7256, -13.8514, -11.8733, -18.4832, -20.2724, -10.6237, -15.3566, -11.5757, -19.3870, -15.3054, -16.3156, -18.4045, -18.1441, -16.1148, -11.5780, -18.9995,  -9.2358, -17.3401, -12.7973, -15.8719,  -8.9768, -18.5982}"	"{10, 6, -2, 99, {{-11, 1}, {-10, -4}, {-9, 8}, {-8, -12}, {-7, 15}, {-6, -16}, {-5, 15}, {-4, -13}, {-3, 9}, {-2, -4}, {-1, 2}}, {{-3, 1}, {-2, -8}, {-1, 24}, {0, -33}, {1, 24}, {2, -8}, {3, 1}}}"
"{  24.,    8.,    2., 1727.}"	"{-29.8147, -45.6466, -43.8360, -40.1762, -63.7796, -54.6708, -85.0821, -93.3773, -48.8958, -70.6698, -53.2487, -89.2625, -70.5317, -75.0768, -84.7651, -83.5482, -74.2007, -53.2868, -87.5088, -42.5151, -79.7918, -58.9182, -73.0879, -41.3318, -85.6202}"	"{10, 6, -2, 99, {{-11, 1}, {-10, -4}, {-9, 8}, {-8, -12}, {-7, 15}, {-6, -16}, {-5, 15}, {-4, -13}, {-3, 9}, {-2, -4}, {-1, 2}}, {{-3, 1}, {-2, -8}, {-1, 24}, {0, -33}, {1, 24}, {2, -8}, {3, 1}}}"
"{ 18.,   8.,   4., 689.}"	"{-12.1718, -18.6283, -17.8959, -16.3914, -26.0228, -22.3060, -34.7181, -38.0936, -19.9523, -28.8389, -21.7326, -36.4216, -28.7689, -30.6393, -34.5803, -34.0867, -30.2737, -21.7450, -35.6988, -17.3492, -32.5636, -24.0407, -29.8207, -16.8637, -34.9345}"	"{10, 6, -2, 99, {{-11, 1}, {-10, -4}, {-9, 8}, {-8, -12}, {-7, 15}, {-6, -16}, {-5, 15}, {-4, -13}, {-3, 9}, {-2, -4}, {-1, 2}}, {{-3, 1}, {-2, -8}, {-1, 24}, {0, -33}, {1, 24}, {2, -8}, {3, 1}}}"
"{ 1.9000e+01,  1.2000e+01, -4.0000e+00,  1.5353e+04}"	"{-259.5289, -397.4388, -381.5660, -349.9018, -555.4780, -476.1222, -740.9257, -813.3450, -425.7959, -615.3676, -463.6165, -777.3726, -614.4488, -653.7133, -738.3307, -727.6351, -646.2333, -464.0085, -762.2178, -370.2210, -694.7698, -513.1187, -636.5419, -359.9619, -745.6668}"	"{10, 6, -2, 99, {{-11, 1}, {-10, -4}, {-9, 8}, {-8, -12}, {-7, 15}, {-6, -16}, {-5, 15}, {-4, -13}, {-3, 9}, {-2, -4}, {-1, 2}}, {{-3, 1}, {-2, -8}, {-1, 24}, {0, -33}, {1, 24}, {2, -8}, {3, 1}}}"
"{17., 10., -2., 11.}"	"{-1.2482, -1.8900, -1.8315, -1.6521, -2.6231, -2.2574, -3.5188, -3.8253, -2.0306, -2.9417, -2.2176, -3.6904, -2.8738, -3.1201, -3.4841, -3.4420, -3.0639, -2.2116, -3.5951, -1.7628, -3.3172, -2.4423, -3.0093, -1.7086, -3.5470}"	"{13, 6, -2, 163, {{-15, 1}, {-14, -4}, {-13, 9}, {-12, -16}, {-11, 22}, {-10, -26}, {-9, 27}, {-8, -24}, {-7, 18}, {-6, -11}, {-5, 5}, {-4, -1}, {-2, 1}}, {{-3, 2}, {-2, -13}, {-1, 39}, {0, -55}, {1, 39}, {2, -13}, {3, 2}}}"
"{ 1.7000e+01,  1.2000e+01, -2.0000e+00,  3.9230e+03}"	"{ -66.7504, -102.2117,  -98.1384,  -89.9807, -142.8457, -122.4394, -190.5417, -209.1512, -109.5023, -158.2571, -119.2355, -199.9100, -157.9967, -168.1201, -189.8630, -187.1173, -166.1850, -119.3299, -196.0050,  -95.2086, -178.6784, -131.9545, -163.6910,  -92.5677, -191.7585}"	"{10, 6, -2, 99, {{-11, 1}, {-10, -4}, {-9, 8}, {-8, -12}, {-7, 15}, {-6, -16}, {-5, 15}, {-4, -13}, {-3, 9}, {-2, -4}, {-1, 2}}, {{-3, 1}, {-2, -8}, {-1, 24}, {0, -33}, {1, 24}, {2, -8}, {3, 1}}}"
"{ 24.,  16.,   0., 161.}"	"{ -3.5834,  -5.4725,  -5.2714,  -4.8053,  -7.6297,  -6.5409, -10.1867, -11.1549,  -5.8572,  -8.4692,  -6.3903, -10.6798,  -8.4110,  -9.0013, -10.1289,  -9.9924,  -8.8771,  -6.3851, -10.4577,  -5.0912,  -9.5675,  -7.0516,  -8.7406,  -4.9454, -10.2492}"	"{13, 6, -2, 163, {{-15, 1}, {-14, -4}, {-13, 9}, {-12, -16}, {-11, 22}, {-10, -26}, {-9, 27}, {-8, -24}, {-7, 18}, {-6, -11}, {-5, 5}, {-4, -1}, {-2, 1}}, {{-3, 2}, {-2, -13}, {-1, 39}, {0, -55}, {1, 39}, {2, -13}, {3, 2}}}"
"{ 21.,  12.,   0., 293.}"	"{ -5.6400,  -8.6244,  -8.2938,  -7.5826, -12.0371, -10.3191, -16.0654, -17.6129,  -9.2348, -13.3500, -10.0656, -16.8488, -13.2933, -14.1849, -15.9902, -15.7679, -14.0046, -10.0651, -16.5085,  -8.0283, -15.0760, -11.1219, -13.7923,  -7.8016, -16.1641}"	"{13, 6, -2, 163, {{-15, 1}, {-14, -4}, {-13, 9}, {-12, -16}, {-11, 22}, {-10, -26}, {-9, 27}, {-8, -24}, {-7, 18}, {-6, -11}, {-5, 5}, {-4, -1}, {-2, 1}}, {{-3, 2}, {-2, -13}, {-1, 39}, {0, -55}, {1, 39}, {2, -13}, {3, 2}}}"
"{  19.,   10.,    2., 1791.}"	"{-30.8256, -47.1945, -45.3215, -41.5410, -65.9474, -56.5275, -87.9725, -96.5522, -50.5571, -73.0697, -55.0563, -92.2949, -72.9315, -77.6258, -87.6480, -86.3861, -76.7222, -55.0959, -90.4837, -43.9586, -82.5006, -60.9212, -75.5718, -42.7360, -88.5307}"	"{10, 6, -2, 99, {{-11, 1}, {-10, -4}, {-9, 8}, {-8, -12}, {-7, 15}, {-6, -16}, {-5, 15}, {-4, -13}, {-3, 9}, {-2, -4}, {-1, 2}}, {{-3, 1}, {-2, -8}, {-1, 24}, {0, -33}, {1, 24}, {2, -8}, {3, 1}}}"
"{ 22.,  12.,   2., 227.}"	"{ -4.5622,  -6.9724,  -6.7098,  -6.1271,  -9.7283,  -8.3400, -12.9858, -14.2307,  -7.4644, -10.7921,  -8.1382, -13.6178, -10.7380, -11.4681, -12.9195, -12.7424, -11.3180,  -8.1364, -13.3388,  -6.4900, -12.1884,  -8.9901, -11.1473,  -6.3050, -13.0644}"	"{13, 6, -2, 163, {{-15, 1}, {-14, -4}, {-13, 9}, {-12, -16}, {-11, 22}, {-10, -26}, {-9, 27}, {-8, -24}, {-7, 18}, {-6, -11}, {-5, 5}, {-4, -1}, {-2, 1}}, {{-3, 2}, {-2, -13}, {-1, 39}, {0, -55}, {1, 39}, {2, -13}, {3, 2}}}"
"{  17.,   12.,    0., 1905.}"	"{ -32.7284,  -50.1087,  -48.1181,  -44.1079,  -70.0217,  -60.0192,  -93.4063, -102.5184,  -53.6805,  -77.5830,  -58.4571,  -97.9956,  -77.4386,  -82.4197,  -93.0652,  -91.7228,  -81.4621,  -58.4989,  -96.0755,  -46.6727,  -87.5958,  -64.6844,  -80.2396,  -45.3765,  -94.0008}"	"{10, 6, -2, 99, {{-11, 1}, {-10, -4}, {-9, 8}, {-8, -12}, {-7, 15}, {-6, -16}, {-5, 15}, {-4, -13}, {-3, 9}, {-2, -4}, {-1, 2}}, {{-3, 1}, {-2, -8}, {-1, 24}, {0, -33}, {1, 24}, {2, -8}, {3, 1}}}"
"{17., 16.,  6., 47.}"	"{-1.7444, -2.6510, -2.5642, -2.3179, -3.6875, -3.1633, -4.9340, -5.3785, -2.8396, -4.1091, -3.1006, -5.1695, -4.0493, -4.3673, -4.8883, -4.8281, -4.2926, -3.0940, -5.0492, -2.4674, -4.6436, -3.4227, -4.2272, -2.3933, -4.9666}"	"{13, 6, -2, 163, {{-15, 1}, {-14, -4}, {-13, 9}, {-12, -16}, {-11, 22}, {-10, -26}, {-9, 27}, {-8, -24}, {-7, 18}, {-6, -11}, {-5, 5}, {-4, -1}, {-2, 1}}, {{-3, 2}, {-2, -13}, {-1, 39}, {0, -55}, {1, 39}, {2, -13}, {3, 2}}}"
"{ 20.,  10.,   4., 617.}"	"{-11.0451, -16.9010, -16.2395, -14.8691, -23.6062, -20.2348, -31.4958, -34.5533, -18.1011, -26.1642, -19.7182, -33.0403, -26.0926, -27.7981, -31.3670, -30.9216, -27.4628, -19.7279, -32.3819, -15.7393, -29.5441, -21.8091, -27.0515, -15.2979, -31.6924}"	"{10, 6, -2, 99, {{-11, 1}, {-10, -4}, {-9, 8}, {-8, -12}, {-7, 15}, {-6, -16}, {-5, 15}, {-4, -13}, {-3, 9}, {-2, -4}, {-1, 2}}, {{-3, 1}, {-2, -8}, {-1, 24}, {0, -33}, {1, 24}, {2, -8}, {3, 1}}}"
"{ 13.,  10.,  -6., 267.}"	"{ -5.0005,  -7.6493,  -7.3511,  -6.7295, -10.6786,  -9.1545, -14.2518, -15.6290,  -8.1928, -11.8433,  -8.9287, -14.9458, -11.7977, -12.5811, -14.1904, -13.9902, -12.4254,  -8.9278, -14.6497,  -7.1196, -13.3709,  -9.8653, -12.2350,  -6.9219, -14.3408}"	"{13, 6, -2, 163, {{-15, 1}, {-14, -4}, {-13, 9}, {-12, -16}, {-11, 22}, {-10, -26}, {-9, 27}, {-8, -24}, {-7, 18}, {-6, -11}, {-5, 5}, {-4, -1}, {-2, 1}}, {{-3, 2}, {-2, -13}, {-1, 39}, {0, -55}, {1, 39}, {2, -13}, {3, 2}}}"
"{2.3000e+01, 1.8000e+01, 0.0000e+00, 3.7749e+04}"	"{ -637.3287,  -976.0084,  -937.0175,  -859.2785, -1364.1353, -1169.2509, -1819.5420, -1997.4125, -1045.6531, -1511.1897, -1138.5179, -1909.0575, -1508.9794, -1605.3577, -1813.1890, -1786.9119, -1587.0068, -1139.4928, -1871.8500,  -909.1790, -1706.1825, -1260.1099, -1563.2145,  -883.9872, -1831.1901}"	"{10, 6, -2, 99, {{-11, 1}, {-10, -4}, {-9, 8}, {-8, -12}, {-7, 15}, {-6, -16}, {-5, 15}, {-4, -13}, {-3, 9}, {-2, -4}, {-1, 2}}, {{-3, 1}, {-2, -8}, {-1, 24}, {0, -33}, {1, 24}, {2, -8}, {3, 1}}}"
"{9., 6., 0., 5.}"	"{-0.7604, -1.1496, -1.1155, -1.0052, -1.5965, -1.3747, -2.1447, -2.3289, -1.2369, -1.7924, -1.3500, -2.2486, -1.7510, -1.9007, -2.1204, -2.0951, -1.8653, -1.3476, -2.1894, -1.0740, -2.0202, -1.4882, -1.8330, -1.0405, -2.1604}"	"{13, 6, -2, 163, {{-15, 1}, {-14, -4}, {-13, 9}, {-12, -16}, {-11, 22}, {-10, -26}, {-9, 27}, {-8, -24}, {-7, 18}, {-6, -11}, {-5, 5}, {-4, -1}, {-2, 1}}, {{-3, 2}, {-2, -13}, {-1, 39}, {0, -55}, {1, 39}, {2, -13}, {3, 2}}}"
"{7., 4., 0., 9.}"	"{-0.6172, -0.9347, -0.9056, -0.8179, -1.2981, -1.1169, -1.7421, -1.8937, -1.0037, -1.4544, -1.0961, -1.8253, -1.4254, -1.5429, -1.7226, -1.7033, -1.5153, -1.0941, -1.7799, -0.8717, -1.6400, -1.2074, -1.4900, -0.8453, -1.7533}"	"{13, 6, -2, 163, {{-15, 1}, {-14, -4}, {-13, 9}, {-12, -16}, {-11, 22}, {-10, -26}, {-9, 27}, {-8, -24}, {-7, 18}, {-6, -11}, {-5, 5}, {-4, -1}, {-2, 1}}, {{-3, 2}, {-2, -13}, {-1, 39}, {0, -55}, {1, 39}, {2, -13}, {3, 2}}}"
"{ 7.,  4.,  4., 13.}"	"{-0.6880, -1.0417, -1.0098, -0.9108, -1.4488, -1.2452, -1.9433, -2.1128, -1.1188, -1.6199, -1.2208, -2.0364, -1.5921, -1.7199, -1.9205, -1.8987, -1.6886, -1.2189, -1.9855, -0.9723, -1.8280, -1.3476, -1.6634, -0.9420, -1.9549}"	"{13, 6, -2, 163, {{-15, 1}, {-14, -4}, {-13, 9}, {-12, -16}, {-11, 22}, {-10, -26}, {-9, 27}, {-8, -24}, {-7, 18}, {-6, -11}, {-5, 5}, {-4, -1}, {-2, 1}}, {{-3, 2}, {-2, -13}, {-1, 39}, {0, -55}, {1, 39}, {2, -13}, {3, 2}}}"
"{  16.,   12.,    0., 1801.}"	"{-30.9742, -47.4221, -45.5389, -41.7429, -66.2669, -56.8007, -88.3986, -97.0209, -50.8023, -73.4239, -55.3231, -92.7407, -73.2859, -78.0010, -88.0746, -86.8048, -77.0942, -55.3624, -90.9238, -44.1699, -82.8997, -61.2166, -75.9376, -42.9436, -88.9611}"	"{10, 6, -2, 99, {{-11, 1}, {-10, -4}, {-9, 8}, {-8, -12}, {-7, 15}, {-6, -16}, {-5, 15}, {-4, -13}, {-3, 9}, {-2, -4}, {-1, 2}}, {{-3, 1}, {-2, -8}, {-1, 24}, {0, -33}, {1, 24}, {2, -8}, {3, 1}}}"
"{10.,  6., -2., 95.}"	"{-1.9800, -3.0239, -2.9106, -2.6576, -4.2180, -3.6168, -5.6325, -6.1696, -3.2382, -4.6828, -3.5314, -5.9051, -4.6551, -4.9748, -5.6013, -5.5261, -4.9085, -3.5295, -5.7843, -2.8142, -5.2868, -3.8981, -4.8334, -2.7345, -5.6661}"	"{13, 6, -2, 163, {{-15, 1}, {-14, -4}, {-13, 9}, {-12, -16}, {-11, 22}, {-10, -26}, {-9, 27}, {-8, -24}, {-7, 18}, {-6, -11}, {-5, 5}, {-4, -1}, {-2, 1}}, {{-3, 2}, {-2, -13}, {-1, 39}, {0, -55}, {1, 39}, {2, -13}, {3, 2}}}"
"{2.6000e+01, 2.2000e+01, 2.0000e+00, 9.2590e+03}"	"{-157.0590, -240.5061, -230.9139, -211.7309, -336.1316, -288.1108, -448.3559, -492.1616, -257.6638, -372.3815, -280.5587, -470.4066, -371.7973, -395.5907, -446.7723, -440.3045, -391.0477, -280.7881, -461.2241, -224.0327, -420.4353, -310.5024, -385.1847, -217.8205, -451.2236}"	"{10, 6, -2, 99, {{-11, 1}, {-10, -4}, {-9, 8}, {-8, -12}, {-7, 15}, {-6, -16}, {-5, 15}, {-4, -13}, {-3, 9}, {-2, -4}, {-1, 2}}, {{-3, 1}, {-2, -8}, {-1, 24}, {0, -33}, {1, 24}, {2, -8}, {3, 1}}}"
"{2.1000e+01, 1.2000e+01, 2.0000e+00, 2.2190e+03}"	"{ -38.1123,  -58.3521,  -56.0346,  -51.3632,  -81.5407,  -69.8931, -108.7722, -119.3835,  -62.5102,  -90.3451,  -68.0721, -114.1172,  -90.1786,  -95.9778, -108.3740, -106.8122,  -94.8629,  -68.1222, -111.8801,  -54.3512, -102.0052,  -75.3256,  -93.4406,  -52.8408, -109.4635}"	"{10, 6, -2, 99, {{-11, 1}, {-10, -4}, {-9, 8}, {-8, -12}, {-7, 15}, {-6, -16}, {-5, 15}, {-4, -13}, {-3, 9}, {-2, -4}, {-1, 2}}, {{-3, 1}, {-2, -8}, {-1, 24}, {0, -33}, {1, 24}, {2, -8}, {3, 1}}}"
"{ 18.,  12.,  -2., 111.}"	"{-2.5519, -3.8958, -3.7539, -3.4205, -5.4305, -4.6566, -7.2526, -7.9388, -4.1704, -6.0309, -4.5506, -7.6020, -5.9859, -6.4091, -7.2088, -7.1134, -6.3194, -4.5461, -7.4442, -3.6240, -6.8114, -5.0198, -6.2213, -3.5204, -7.2964}"	"{13, 6, -2, 163, {{-15, 1}, {-14, -4}, {-13, 9}, {-12, -16}, {-11, 22}, {-10, -26}, {-9, 27}, {-8, -24}, {-7, 18}, {-6, -11}, {-5, 5}, {-4, -1}, {-2, 1}}, {{-3, 2}, {-2, -13}, {-1, 39}, {0, -55}, {1, 39}, {2, -13}, {3, 2}}}"
"{2.0000e+01, 1.2000e+01, 2.0000e+00, 7.6270e+03}"	"{-129.2782, -197.9664, -190.0684, -174.2815, -276.6785, -237.1521, -369.0527, -405.1127, -212.0879, -306.5154, -230.9317, -387.2042, -306.0402, -325.6181, -367.7495, -362.4274, -321.8820, -231.1231, -379.6471, -184.4071, -346.0688, -255.5820, -317.0563, -179.2939, -371.4115}"	"{10, 6, -2, 99, {{-11, 1}, {-10, -4}, {-9, 8}, {-8, -12}, {-7, 15}, {-6, -16}, {-5, 15}, {-4, -13}, {-3, 9}, {-2, -4}, {-1, 2}}, {{-3, 1}, {-2, -8}, {-1, 24}, {0, -33}, {1, 24}, {2, -8}, {3, 1}}}"
"{ 18.,   8.,  -2., 443.}"	"{ -8.0478, -12.3144, -11.8324, -10.8335, -17.1956, -14.7414, -22.9457, -25.1698, -13.1879, -19.0635, -14.3683, -24.0683, -19.0046, -20.2529, -22.8494, -22.5272, -20.0066, -14.3732, -23.5899, -11.4654, -21.5246, -15.8858, -19.7046, -11.1448, -23.0878}"	"{10, 6, -2, 99, {{-11, 1}, {-10, -4}, {-9, 8}, {-8, -12}, {-7, 15}, {-6, -16}, {-5, 15}, {-4, -13}, {-3, 9}, {-2, -4}, {-1, 2}}, {{-3, 1}, {-2, -8}, {-1, 24}, {0, -33}, {1, 24}, {2, -8}, {3, 1}}}"
"{ 5.,  2., -2.,  7.}"	"{-0.4951, -0.7497, -0.7258, -0.6567, -1.0411, -0.8962, -1.3973, -1.5187, -0.8056, -1.1677, -0.8795, -1.4642, -1.1427, -1.2380, -1.3817, -1.3666, -1.2162, -0.8782, -1.4273, -0.6992, -1.3150, -0.9680, -1.1952, -0.6779, -1.4063}"	"{13, 6, -2, 163, {{-15, 1}, {-14, -4}, {-13, 9}, {-12, -16}, {-11, 22}, {-10, -26}, {-9, 27}, {-8, -24}, {-7, 18}, {-6, -11}, {-5, 5}, {-4, -1}, {-2, 1}}, {{-3, 2}, {-2, -13}, {-1, 39}, {0, -55}, {1, 39}, {2, -13}, {3, 2}}}"
"{  28.,   18.,   -6., 3723.}"	"{ -63.7254,  -97.5757,  -93.6921,  -85.8942, -136.3547, -116.8772, -181.8884, -199.6420, -104.5311, -151.0746, -113.8291, -190.8269, -150.8044, -160.4909, -181.2333, -178.6169, -158.6346, -113.9130, -187.0959,  -90.8839, -170.5704, -125.9584, -156.2510,  -88.3627, -183.0490}"	"{10, 6, -2, 99, {{-11, 1}, {-10, -4}, {-9, 8}, {-8, -12}, {-7, 15}, {-6, -16}, {-5, 15}, {-4, -13}, {-3, 9}, {-2, -4}, {-1, 2}}, {{-3, 1}, {-2, -8}, {-1, 24}, {0, -33}, {1, 24}, {2, -8}, {3, 1}}}"
"{  21.,   10.,   -2., 1127.}"	"{-19.6694, -30.1106, -28.9192, -26.5002, -42.0670, -36.0596, -56.1209, -61.5860, -32.2532, -46.6171, -35.1281, -58.8749, -46.5140, -49.5239, -55.9075, -55.1064, -48.9410, -35.1492, -57.7166, -28.0420, -52.6337, -38.8607, -48.2052, -27.2617, -56.4748}"	"{10, 6, -2, 99, {{-11, 1}, {-10, -4}, {-9, 8}, {-8, -12}, {-7, 15}, {-6, -16}, {-5, 15}, {-4, -13}, {-3, 9}, {-2, -4}, {-1, 2}}, {{-3, 1}, {-2, -8}, {-1, 24}, {0, -33}, {1, 24}, {2, -8}, {3, 1}}}"
"{ 16.,  12.,   0., 601.}"	"{-10.7278, -16.4166, -15.7723, -14.4455, -22.9317, -19.6564, -30.5959, -33.5675, -17.5848, -25.4170, -19.1558, -32.0947, -25.3483, -27.0029, -30.4738, -30.0382, -26.6785, -19.1637, -31.4590, -15.2879, -28.6987, -21.1855, -26.2773, -14.8612, -30.7883}"	"{10, 6, -2, 99, {{-11, 1}, {-10, -4}, {-9, 8}, {-8, -12}, {-7, 15}, {-6, -16}, {-5, 15}, {-4, -13}, {-3, 9}, {-2, -4}, {-1, 2}}, {{-3, 1}, {-2, -8}, {-1, 24}, {0, -33}, {1, 24}, {2, -8}, {3, 1}}}"
"{ 9.,  4., -2., 35.}"	"{-0.9902, -1.5088, -1.4551, -1.3232, -2.0994, -1.8012, -2.8072, -3.0660, -1.6143, -2.3369, -1.7631, -2.9402, -2.3108, -2.4822, -2.7851, -2.7508, -2.4449, -1.7603, -2.8767, -1.4029, -2.6383, -1.9428, -2.4057, -1.3612, -2.8228}"	"{13, 6, -2, 163, {{-15, 1}, {-14, -4}, {-13, 9}, {-12, -16}, {-11, 22}, {-10, -26}, {-9, 27}, {-8, -24}, {-7, 18}, {-6, -11}, {-5, 5}, {-4, -1}, {-2, 1}}, {{-3, 2}, {-2, -13}, {-1, 39}, {0, -55}, {1, 39}, {2, -13}, {3, 2}}}"
"{ 8.,  4.,  2., 39.}"	"{-1.0097, -1.5383, -1.4841, -1.3492, -2.1433, -1.8378, -2.8652, -3.1310, -1.6464, -2.3826, -1.7970, -3.0013, -2.3616, -2.5318, -2.8423, -2.8068, -2.4939, -1.7956, -2.9367, -1.4318, -2.6910, -1.9836, -2.4569, -1.3892, -2.8802}"	"{13, 6, -2, 163, {{-15, 1}, {-14, -4}, {-13, 9}, {-12, -16}, {-11, 22}, {-10, -26}, {-9, 27}, {-8, -24}, {-7, 18}, {-6, -11}, {-5, 5}, {-4, -1}, {-2, 1}}, {{-3, 2}, {-2, -13}, {-1, 39}, {0, -55}, {1, 39}, {2, -13}, {3, 2}}}"
"{ 2.2000e+01,  2.0000e+01, -4.0000e+00,  5.9490e+03}"	"{-101.1338, -154.8641, -148.6902, -136.3341, -216.4324, -185.5130, -288.6961, -316.8958, -165.9113, -239.7800, -180.6577, -302.8911, -239.3898, -254.7237, -287.6730, -283.5099, -251.7942, -180.8009, -296.9785, -144.2533, -270.7217, -199.9298, -248.0149, -140.2539, -290.5430}"	"{10, 6, -2, 99, {{-11, 1}, {-10, -4}, {-9, 8}, {-8, -12}, {-7, 15}, {-6, -16}, {-5, 15}, {-4, -13}, {-3, 9}, {-2, -4}, {-1, 2}}, {{-3, 1}, {-2, -8}, {-1, 24}, {0, -33}, {1, 24}, {2, -8}, {3, 1}}}"
"{ 16.,   8.,  -2., 411.}"	"{ -7.4704, -11.4300, -10.9831, -10.0557, -15.9615, -13.6829, -21.2990, -23.3634, -12.2413, -17.6952, -13.3370, -22.3407, -17.6404, -18.7990, -21.2098, -20.9099, -18.5706, -13.3411, -21.8963, -10.6421, -19.9792, -14.7461, -18.2903, -10.3446, -21.4307}"	"{10, 6, -2, 99, {{-11, 1}, {-10, -4}, {-9, 8}, {-8, -12}, {-7, 15}, {-6, -16}, {-5, 15}, {-4, -13}, {-3, 9}, {-2, -4}, {-1, 2}}, {{-3, 1}, {-2, -8}, {-1, 24}, {0, -33}, {1, 24}, {2, -8}, {3, 1}}}"
"{ 9.,  6.,  4., 45.}"	"{-1.1713, -1.7845, -1.7225, -1.5645, -2.4869, -2.1319, -3.3234, -3.6315, -1.9103, -2.7636, -2.0848, -3.4824, -2.7387, -2.9379, -3.2973, -3.2550, -2.8931, -2.0831, -3.4057, -1.6617, -3.1227, -2.3022, -2.8508, -1.6114, -3.3422}"	"{13, 6, -2, 163, {{-15, 1}, {-14, -4}, {-13, 9}, {-12, -16}, {-11, 22}, {-10, -26}, {-9, 27}, {-8, -24}, {-7, 18}, {-6, -11}, {-5, 5}, {-4, -1}, {-2, 1}}, {{-3, 2}, {-2, -13}, {-1, 39}, {0, -55}, {1, 39}, {2, -13}, {3, 2}}}"
"{ 8.,  6.,  2., 23.}"	"{-0.8727, -1.3251, -1.2816, -1.1593, -1.8433, -1.5820, -2.4682, -2.6888, -1.4207, -2.0563, -1.5504, -2.5854, -2.0251, -2.1843, -2.4431, -2.4141, -2.1465, -1.5475, -2.5244, -1.2340, -2.3215, -1.7111, -2.1141, -1.1966, -2.4831}"	"{13, 6, -2, 163, {{-15, 1}, {-14, -4}, {-13, 9}, {-12, -16}, {-11, 22}, {-10, -26}, {-9, 27}, {-8, -24}, {-7, 18}, {-6, -11}, {-5, 5}, {-4, -1}, {-2, 1}}, {{-3, 2}, {-2, -13}, {-1, 39}, {0, -55}, {1, 39}, {2, -13}, {3, 2}}}"
"{10.,  6.,  2., 47.}"	"{-1.2041, -1.8356, -1.7710, -1.6100, -2.5573, -2.1928, -3.4171, -3.7355, -1.9643, -2.8416, -2.1445, -3.5806, -2.8168, -3.0207, -3.3921, -3.3484, -2.9757, -2.1421, -3.5034, -1.7083, -3.2107, -2.3662, -2.9303, -1.6575, -3.4363}"	"{13, 6, -2, 163, {{-15, 1}, {-14, -4}, {-13, 9}, {-12, -16}, {-11, 22}, {-10, -26}, {-9, 27}, {-8, -24}, {-7, 18}, {-6, -11}, {-5, 5}, {-4, -1}, {-2, 1}}, {{-3, 2}, {-2, -13}, {-1, 39}, {0, -55}, {1, 39}, {2, -13}, {3, 2}}}"
"{ 2.1000e+01,  1.6000e+01, -2.0000e+00,  8.6950e+03}"	"{-147.3644, -225.6640, -216.6594, -198.6674, -315.3895, -270.3330, -420.6881, -461.7945, -241.7629, -349.4018, -263.2431, -441.3784, -348.8595, -371.1761, -419.2055, -413.1364, -366.9185, -263.4601, -432.7669, -210.2068, -394.4875, -291.3407, -361.4155, -204.3798, -423.3787}"	"{10, 6, -2, 99, {{-11, 1}, {-10, -4}, {-9, 8}, {-8, -12}, {-7, 15}, {-6, -16}, {-5, 15}, {-4, -13}, {-3, 9}, {-2, -4}, {-1, 2}}, {{-3, 1}, {-2, -8}, {-1, 24}, {0, -33}, {1, 24}, {2, -8}, {3, 1}}}"
"{ 19.,  14.,   6., 179.}"	"{ -3.7251,  -5.6896,  -5.4793,  -4.9979,  -7.9389,  -6.8045, -10.5974, -11.6096,  -6.0917,  -8.8070,  -6.6427, -11.1130,  -8.7588,  -9.3609, -10.5397, -10.3953,  -9.2349,  -6.6409, -10.8815,  -5.2978,  -9.9494,  -7.3384,  -9.0969,  -5.1443, -10.6618}"	"{13, 6, -2, 163, {{-15, 1}, {-14, -4}, {-13, 9}, {-12, -16}, {-11, 22}, {-10, -26}, {-9, 27}, {-8, -24}, {-7, 18}, {-6, -11}, {-5, 5}, {-4, -1}, {-2, 1}}, {{-3, 2}, {-2, -13}, {-1, 39}, {0, -55}, {1, 39}, {2, -13}, {3, 2}}}"
"{ 15.,   8.,   4., 225.}"	"{ -4.3241,  -6.6098,  -6.3582,  -5.8105,  -9.2267,  -7.9095, -12.3148, -13.5000,  -7.0777, -10.2325,  -7.7139, -12.9161, -10.1902, -10.8731, -12.2550, -12.0850, -10.7337,  -7.7149, -12.6521,  -6.1546, -11.5554,  -8.5266, -10.5743,  -5.9796, -12.3892}"	"{10, 6, -2, 99, {{-11, 1}, {-10, -4}, {-9, 8}, {-8, -12}, {-7, 15}, {-6, -16}, {-5, 15}, {-4, -13}, {-3, 9}, {-2, -4}, {-1, 2}}, {{-3, 1}, {-2, -8}, {-1, 24}, {0, -33}, {1, 24}, {2, -8}, {3, 1}}}"
"{ 2.3000e+01,  1.6000e+01, -4.0000e+00,  1.1209e+04}"	"{-189.7967, -290.6463, -279.0445, -255.8782, -406.2126, -348.1813, -541.8317, -594.7815, -311.3818, -450.0158, -339.0449, -568.4816, -449.3271, -478.0590, -539.9268, -532.1090, -472.5809, -339.3266, -557.3948, -270.7387, -508.0836, -375.2373, -465.4925, -263.2355, -545.2981}"	"{10, 6, -2, 99, {{-11, 1}, {-10, -4}, {-9, 8}, {-8, -12}, {-7, 15}, {-6, -16}, {-5, 15}, {-4, -13}, {-3, 9}, {-2, -4}, {-1, 2}}, {{-3, 1}, {-2, -8}, {-1, 24}, {0, -33}, {1, 24}, {2, -8}, {3, 1}}}"
"{14., 12.,  0., 29.}"	"{-1.3074, -1.9861, -1.9214, -1.7369, -2.7597, -2.3699, -3.6956, -4.0251, -2.1282, -3.0815, -2.3249, -3.8707, -3.0292, -3.2727, -3.6602, -3.6161, -3.2159, -2.3186, -3.7797, -1.8483, -3.4793, -2.5627, -3.1639, -1.7925, -3.7206}"	"{13, 6, -2, 163, {{-15, 1}, {-14, -4}, {-13, 9}, {-12, -16}, {-11, 22}, {-10, -26}, {-9, 27}, {-8, -24}, {-7, 18}, {-6, -11}, {-5, 5}, {-4, -1}, {-2, 1}}, {{-3, 2}, {-2, -13}, {-1, 39}, {0, -55}, {1, 39}, {2, -13}, {3, 2}}}"
"{2.2000e+01, 1.2000e+01, 4.0000e+00, 6.9970e+03}"	"{-118.7001, -181.7662, -174.5173, -160.0176, -254.0343, -217.7437, -338.8505, -371.9556, -194.7310, -281.4312, -212.0339, -355.5158, -280.9904, -298.9720, -337.6500, -332.7653, -295.5381, -212.2089, -348.5741, -169.3163, -317.7485, -234.6654, -291.1085, -164.6201, -341.0146}"	"{10, 6, -2, 99, {{-11, 1}, {-10, -4}, {-9, 8}, {-8, -12}, {-7, 15}, {-6, -16}, {-5, 15}, {-4, -13}, {-3, 9}, {-2, -4}, {-1, 2}}, {{-3, 1}, {-2, -8}, {-1, 24}, {0, -33}, {1, 24}, {2, -8}, {3, 1}}}"
"{  27.,   16.,    0., 2917.}"	"{ -50.0512,  -76.6339,  -73.5882,  -67.4562, -107.0881,  -91.7907, -142.8496, -156.7883,  -82.0949, -118.6492,  -89.3987, -149.8699, -118.4321, -126.0465, -142.3300, -140.2775, -124.5845,  -89.4645, -146.9339,  -71.3788, -133.9627,  -98.9240, -122.7144,  -69.3958, -143.7588}"	"{10, 6, -2, 99, {{-11, 1}, {-10, -4}, {-9, 8}, {-8, -12}, {-7, 15}, {-6, -16}, {-5, 15}, {-4, -13}, {-3, 9}, {-2, -4}, {-1, 2}}, {{-3, 1}, {-2, -8}, {-1, 24}, {0, -33}, {1, 24}, {2, -8}, {3, 1}}}"
"{ 7.,  4., -4., 25.}"	"{-0.7769, -1.1832, -1.1412, -1.0383, -1.6454, -1.4125, -2.2020, -2.4032, -1.2669, -1.8344, -1.3842, -2.3044, -1.8114, -1.9475, -2.1836, -2.1577, -1.9176, -1.3806, -2.2561, -1.0996, -2.0692, -1.5236, -1.8858, -1.0681, -2.2142}"	"{13, 6, -2, 163, {{-15, 1}, {-14, -4}, {-13, 9}, {-12, -16}, {-11, 22}, {-10, -26}, {-9, 27}, {-8, -24}, {-7, 18}, {-6, -11}, {-5, 5}, {-4, -1}, {-2, 1}}, {{-3, 2}, {-2, -13}, {-1, 39}, {0, -55}, {1, 39}, {2, -13}, {3, 2}}}"
"{ 8.,  6.,  2., 27.}"	"{-0.9232, -1.4030, -1.3563, -1.2279, -1.9520, -1.6746, -2.6121, -2.8475, -1.5027, -2.1748, -1.6407, -2.7358, -2.1455, -2.3112, -2.5872, -2.5560, -2.2723, -1.6376, -2.6728, -1.3057, -2.4564, -1.8108, -2.2383, -1.2663, -2.6274}"	"{13, 6, -2, 163, {{-15, 1}, {-14, -4}, {-13, 9}, {-12, -16}, {-11, 22}, {-10, -26}, {-9, 27}, {-8, -24}, {-7, 18}, {-6, -11}, {-5, 5}, {-4, -1}, {-2, 1}}, {{-3, 2}, {-2, -13}, {-1, 39}, {0, -55}, {1, 39}, {2, -13}, {3, 2}}}"
"{  23.,   14.,    4., 1449.}"	"{-25.1907, -38.5623, -37.0376, -33.9384, -53.8800, -46.1833, -71.8770, -78.8794, -41.3082, -59.7026, -44.9883, -75.4070, -59.5770, -63.4278, -71.6061, -70.5770, -62.6819, -45.0172, -73.9215, -35.9167, -67.4114, -49.7746, -61.7423, -34.9159, -72.3323}"	"{10, 6, -2, 99, {{-11, 1}, {-10, -4}, {-9, 8}, {-8, -12}, {-7, 15}, {-6, -16}, {-5, 15}, {-4, -13}, {-3, 9}, {-2, -4}, {-1, 2}}, {{-3, 1}, {-2, -8}, {-1, 24}, {0, -33}, {1, 24}, {2, -8}, {3, 1}}}"
"{  19.,   10.,    4., 1053.}"	"{-18.3829, -28.1390, -27.0282, -24.7636, -39.3142, -33.6989, -52.4480, -57.5542, -30.1419, -43.5652, -32.8282, -55.0228, -43.4698, -46.2835, -52.2465, -51.4979, -45.7370, -32.8490, -53.9371, -26.2083, -49.1900, -36.3193, -45.0519, -25.4771, -52.7787}"	"{10, 6, -2, 99, {{-11, 1}, {-10, -4}, {-9, 8}, {-8, -12}, {-7, 15}, {-6, -16}, {-5, 15}, {-4, -13}, {-3, 9}, {-2, -4}, {-1, 2}}, {{-3, 1}, {-2, -8}, {-1, 24}, {0, -33}, {1, 24}, {2, -8}, {3, 1}}}"
"{ 19.,  12.,   2., 211.}"	"{ -4.2337,  -6.4697,  -6.2263,  -5.6858,  -9.0281,  -7.7393, -12.0511, -13.2064,  -6.9273, -10.0154,  -7.5524, -12.6374,  -9.9651, -10.6426, -11.9898, -11.8246, -10.5032,  -7.5506, -12.3786,  -6.0226, -11.3109,  -8.3433, -10.3449,  -5.8511, -12.1245}"	"{13, 6, -2, 163, {{-15, 1}, {-14, -4}, {-13, 9}, {-12, -16}, {-11, 22}, {-10, -26}, {-9, 27}, {-8, -24}, {-7, 18}, {-6, -11}, {-5, 5}, {-4, -1}, {-2, 1}}, {{-3, 2}, {-2, -13}, {-1, 39}, {0, -55}, {1, 39}, {2, -13}, {3, 2}}}"
"{10.,  6.,  4., 77.}"	"{-1.7042, -2.6010, -2.5062, -2.2839, -3.6272, -3.1095, -4.8438, -5.3024, -2.7843, -4.0263, -3.0371, -5.0782, -4.0004, -4.2797, -4.8134, -4.7492, -4.2196, -3.0359, -4.9707, -2.4217, -4.5491, -3.3539, -4.1573, -2.3511, -4.8722}"	"{13, 6, -2, 163, {{-15, 1}, {-14, -4}, {-13, 9}, {-12, -16}, {-11, 22}, {-10, -26}, {-9, 27}, {-8, -24}, {-7, 18}, {-6, -11}, {-5, 5}, {-4, -1}, {-2, 1}}, {{-3, 2}, {-2, -13}, {-1, 39}, {0, -55}, {1, 39}, {2, -13}, {3, 2}}}"
"{  26.,   24.,    8., 2717.}"	"{ -46.7691,  -71.6023,  -68.7634,  -63.0246, -100.0587,  -85.7629, -133.4732, -146.4916,  -76.7073, -110.8611,  -83.5334, -140.0320, -110.6528, -117.7765, -132.9839, -131.0639, -116.4033,  -83.5922, -137.2826,  -66.6949, -125.1731,  -92.4342, -114.6604,  -64.8399, -134.3240}"	"{10, 6, -2, 99, {{-11, 1}, {-10, -4}, {-9, 8}, {-8, -12}, {-7, 15}, {-6, -16}, {-5, 15}, {-4, -13}, {-3, 9}, {-2, -4}, {-1, 2}}, {{-3, 1}, {-2, -8}, {-1, 24}, {0, -33}, {1, 24}, {2, -8}, {3, 1}}}"
"{  26.,   16.,   -4., 3129.}"	"{ -53.6344,  -82.1225,  -78.8559,  -72.2896, -114.7589,  -98.3662, -153.0820, -168.0216,  -87.9762, -127.1486,  -95.8025, -160.6044, -126.9178, -135.0743, -152.5279, -150.3270, -133.5095,  -95.8722, -157.4616,  -76.4907, -143.5572, -106.0094, -131.5042,  -74.3676, -154.0573}"	"{10, 6, -2, 99, {{-11, 1}, {-10, -4}, {-9, 8}, {-8, -12}, {-7, 15}, {-6, -16}, {-5, 15}, {-4, -13}, {-3, 9}, {-2, -4}, {-1, 2}}, {{-3, 1}, {-2, -8}, {-1, 24}, {0, -33}, {1, 24}, {2, -8}, {3, 1}}}"
"{2.0000e+01, 1.4000e+01, 4.0000e+00, 9.5770e+03}"	"{-162.1600, -248.3215, -238.4123, -218.6148, -347.0607, -297.4789, -462.9305, -508.1687, -266.0377, -384.4832, -289.6719, -485.7016, -383.8965, -408.4452, -461.3006, -454.6210, -403.7622, -289.9140, -476.2240, -231.3160, -434.0973, -320.5974, -397.7103, -224.9025, -465.8909}"	"{10, 6, -2, 99, {{-11, 1}, {-10, -4}, {-9, 8}, {-8, -12}, {-7, 15}, {-6, -16}, {-5, 15}, {-4, -13}, {-3, 9}, {-2, -4}, {-1, 2}}, {{-3, 1}, {-2, -8}, {-1, 24}, {0, -33}, {1, 24}, {2, -8}, {3, 1}}}"
"{ 16.,  12.,   8., 653.}"	"{-11.6006, -17.7507, -17.0562, -15.6180, -24.7984, -21.2553, -33.0850, -36.2990, -19.0143, -27.4824, -20.7113, -34.7079, -27.4135, -29.1996, -32.9515, -32.4806, -28.8479, -20.7223, -34.0168, -16.5336, -31.0335, -22.9119, -28.4185, -16.0701, -33.2926}"	"{10, 6, -2, 99, {{-11, 1}, {-10, -4}, {-9, 8}, {-8, -12}, {-7, 15}, {-6, -16}, {-5, 15}, {-4, -13}, {-3, 9}, {-2, -4}, {-1, 2}}, {{-3, 1}, {-2, -8}, {-1, 24}, {0, -33}, {1, 24}, {2, -8}, {3, 1}}}"
"{ 17.,  10.,   4., 513.}"	"{ -9.2392, -14.1358, -13.5841, -12.4357, -19.7437, -16.9238, -26.3434, -28.8989, -15.1399, -21.8841, -16.4934, -27.6343, -21.8222, -23.2514, -26.2340, -25.8618, -22.9688, -16.5006, -27.0826, -13.1643, -24.7114, -18.2414, -22.6259, -12.7950, -26.5074}"	"{10, 6, -2, 99, {{-11, 1}, {-10, -4}, {-9, 8}, {-8, -12}, {-7, 15}, {-6, -16}, {-5, 15}, {-4, -13}, {-3, 9}, {-2, -4}, {-1, 2}}, {{-3, 1}, {-2, -8}, {-1, 24}, {0, -33}, {1, 24}, {2, -8}, {3, 1}}}"
"{ 26.,  24.,   6., 423.}"	"{ -8.1193, -12.4124, -11.9404, -10.9124, -17.3305, -14.8534, -23.1265, -25.3551, -13.2937, -19.2160, -14.4888, -24.2559, -19.1367, -20.4202, -23.0204, -22.6962, -20.1601, -14.4886, -23.7639, -11.5576, -21.7032, -16.0151, -19.8576, -11.2302, -23.2725}"	"{13, 6, -2, 163, {{-15, 1}, {-14, -4}, {-13, 9}, {-12, -16}, {-11, 22}, {-10, -26}, {-9, 27}, {-8, -24}, {-7, 18}, {-6, -11}, {-5, 5}, {-4, -1}, {-2, 1}}, {{-3, 2}, {-2, -13}, {-1, 39}, {0, -55}, {1, 39}, {2, -13}, {3, 2}}}"
"{2.1000e+01, 1.6000e+01, 2.0000e+00, 7.4150e+03}"	"{-125.7773, -192.6035, -184.9218, -169.5595, -269.1822, -230.7263, -359.0546, -394.1346, -206.3430, -298.2125, -224.6779, -376.7134, -297.7443, -316.7985, -357.7855, -352.6065, -313.1606, -224.8620, -369.3591, -179.4110, -336.6949, -248.6579, -308.4653, -174.4359, -361.3502}"	"{10, 6, -2, 99, {{-11, 1}, {-10, -4}, {-9, 8}, {-8, -12}, {-7, 15}, {-6, -16}, {-5, 15}, {-4, -13}, {-3, 9}, {-2, -4}, {-1, 2}}, {{-3, 1}, {-2, -8}, {-1, 24}, {0, -33}, {1, 24}, {2, -8}, {3, 1}}}"
"{  25.,   14.,    0., 5905.}"	"{-100.3714, -153.6968, -147.5700, -135.3044, -214.7991, -184.1143, -286.5180, -314.5045, -164.6578, -237.9697, -179.2921, -300.6076, -237.5848, -252.8015, -285.4994, -281.3713, -249.8936, -179.4367, -294.7359, -143.1665, -268.6783, -198.4213, -246.1456, -139.1953, -288.3477}"	"{10, 6, -2, 99, {{-11, 1}, {-10, -4}, {-9, 8}, {-8, -12}, {-7, 15}, {-6, -16}, {-5, 15}, {-4, -13}, {-3, 9}, {-2, -4}, {-1, 2}}, {{-3, 1}, {-2, -8}, {-1, 24}, {0, -33}, {1, 24}, {2, -8}, {3, 1}}}"
"{ 18.,   8.,   0., 461.}"	"{ -8.3561, -12.7861, -12.2861, -11.2484, -17.8551, -15.3063, -23.8250, -26.1347, -13.6933, -19.7935, -14.9186, -24.9912, -19.7333, -21.0291, -23.7255, -23.3898, -20.7732, -14.9237, -24.4935, -11.9053, -22.3497, -16.4956, -20.4603, -11.5720, -23.9728}"	"{10, 6, -2, 99, {{-11, 1}, {-10, -4}, {-9, 8}, {-8, -12}, {-7, 15}, {-6, -16}, {-5, 15}, {-4, -13}, {-3, 9}, {-2, -4}, {-1, 2}}, {{-3, 1}, {-2, -8}, {-1, 24}, {0, -33}, {1, 24}, {2, -8}, {3, 1}}}"
"{ 15.,  10.,  -2., 471.}"	"{ -8.4883, -12.9885, -12.4798, -11.4282, -18.1406, -15.5505, -24.2057, -26.5539, -13.9122, -20.1097, -15.1563, -25.3900, -20.0508, -21.3641, -24.1064, -23.7641, -21.1058, -15.1616, -24.8868, -12.0943, -22.7051, -16.7594, -20.7874, -11.7568, -24.3571}"	"{10, 6, -2, 99, {{-11, 1}, {-10, -4}, {-9, 8}, {-8, -12}, {-7, 15}, {-6, -16}, {-5, 15}, {-4, -13}, {-3, 9}, {-2, -4}, {-1, 2}}, {{-3, 1}, {-2, -8}, {-1, 24}, {0, -33}, {1, 24}, {2, -8}, {3, 1}}}"
"{ 18.,  12.,   0., 477.}"	"{ -8.6685, -13.2628, -12.7451, -11.6679, -18.5222, -15.8771, -24.7145, -27.1102, -14.2052, -20.5331, -15.4764, -25.9244, -20.4690, -21.8148, -24.6118, -24.2625, -21.5490, -15.4812, -25.4077, -12.3497, -23.1849, -17.1121, -21.2242, -12.0037, -24.8694}"	"{10, 6, -2, 99, {{-11, 1}, {-10, -4}, {-9, 8}, {-8, -12}, {-7, 15}, {-6, -16}, {-5, 15}, {-4, -13}, {-3, 9}, {-2, -4}, {-1, 2}}, {{-3, 1}, {-2, -8}, {-1, 24}, {0, -33}, {1, 24}, {2, -8}, {3, 1}}}"
"{10.,  8., -4., 17.}"	"{-0.9347, -1.4199, -1.3732, -1.2428, -1.9709, -1.6941, -2.6408, -2.8753, -1.5217, -2.2048, -1.6628, -2.7658, -2.1622, -2.3400, -2.6155, -2.5853, -2.3001, -1.6588, -2.7003, -1.3209, -2.4870, -1.8307, -2.2600, -1.2813, -2.6591}"	"{13, 6, -2, 163, {{-15, 1}, {-14, -4}, {-13, 9}, {-12, -16}, {-11, 22}, {-10, -26}, {-9, 27}, {-8, -24}, {-7, 18}, {-6, -11}, {-5, 5}, {-4, -1}, {-2, 1}}, {{-3, 2}, {-2, -13}, {-1, 39}, {0, -55}, {1, 39}, {2, -13}, {3, 2}}}"
"{  22.,   18.,    6., 1163.}"	"{-20.4071, -31.2338, -30.0044, -27.4861, -43.6382, -37.4036, -58.2163, -63.8813, -33.4576, -48.3574, -36.4413, -61.0738, -48.2459, -51.3760, -57.9923, -57.1596, -50.7662, -36.4623, -59.8662, -29.0907, -54.6024, -40.3153, -50.0066, -28.2785, -58.5855}"	"{10, 6, -2, 99, {{-11, 1}, {-10, -4}, {-9, 8}, {-8, -12}, {-7, 15}, {-6, -16}, {-5, 15}, {-4, -13}, {-3, 9}, {-2, -4}, {-1, 2}}, {{-3, 1}, {-2, -8}, {-1, 24}, {0, -33}, {1, 24}, {2, -8}, {3, 1}}}"
"{ 2.0000e+01,  1.4000e+01, -2.0000e+00,  2.3710e+03}"	"{ -40.6779,  -62.2822,  -59.8061,  -54.8248,  -87.0336,  -74.6012, -116.0986, -127.4268,  -66.7220,  -96.4311,  -72.6583, -121.8032,  -96.2541, -102.4420, -115.6773, -114.0078, -101.2542,  -72.7106, -119.4190,  -58.0113, -108.8759,  -80.3989,  -99.7334,  -56.4011, -116.8386}"	"{10, 6, -2, 99, {{-11, 1}, {-10, -4}, {-9, 8}, {-8, -12}, {-7, 15}, {-6, -16}, {-5, 15}, {-4, -13}, {-3, 9}, {-2, -4}, {-1, 2}}, {{-3, 1}, {-2, -8}, {-1, 24}, {0, -33}, {1, 24}, {2, -8}, {3, 1}}}"
"{ 15.,  12.,  -6., 579.}"	"{-10.3325, -15.8131, -15.1905, -13.9160, -22.0879, -18.9336, -29.4706, -32.3337, -16.9385, -24.4835, -18.4523, -30.9130, -24.4156, -26.0091, -29.3549, -28.9353, -25.6988, -18.4590, -30.3044, -14.7239, -27.6423, -20.4047, -25.3089, -14.3148, -29.6568}"	"{10, 6, -2, 99, {{-11, 1}, {-10, -4}, {-9, 8}, {-8, -12}, {-7, 15}, {-6, -16}, {-5, 15}, {-4, -13}, {-3, 9}, {-2, -4}, {-1, 2}}, {{-3, 1}, {-2, -8}, {-1, 24}, {0, -33}, {1, 24}, {2, -8}, {3, 1}}}"
"{ 6.,  4.,  0., 13.}"	"{-0.6339, -0.9612, -0.9303, -0.8414, -1.3360, -1.1480, -1.7912, -1.9490, -1.0311, -1.4939, -1.1259, -1.8758, -1.4675, -1.5853, -1.7717, -1.7512, -1.5578, -1.1238, -1.8304, -0.8956, -1.6847, -1.2411, -1.5328, -0.8681, -1.8015}"	"{13, 6, -2, 163, {{-15, 1}, {-14, -4}, {-13, 9}, {-12, -16}, {-11, 22}, {-10, -26}, {-9, 27}, {-8, -24}, {-7, 18}, {-6, -11}, {-5, 5}, {-4, -1}, {-2, 1}}, {{-3, 2}, {-2, -13}, {-1, 39}, {0, -55}, {1, 39}, {2, -13}, {3, 2}}}"
"{ 18.,   8.,  -2., 131.}"	"{-2.8001, -4.2778, -4.1178, -3.7576, -5.9635, -5.1137, -7.9630, -8.7219, -4.5777, -6.6199, -4.9935, -8.3485, -6.5781, -7.0342, -7.9188, -7.8127, -6.9394, -4.9904, -8.1765, -3.9791, -7.4762, -5.5104, -6.8323, -3.8658, -8.0096}"	"{13, 6, -2, 163, {{-15, 1}, {-14, -4}, {-13, 9}, {-12, -16}, {-11, 22}, {-10, -26}, {-9, 27}, {-8, -24}, {-7, 18}, {-6, -11}, {-5, 5}, {-4, -1}, {-2, 1}}, {{-3, 2}, {-2, -13}, {-1, 39}, {0, -55}, {1, 39}, {2, -13}, {3, 2}}}"
"{  23.,   22.,   -6., 2527.}"	"{ -43.4838,  -66.5767,  -63.9314,  -58.6048,  -93.0333,  -79.7428, -124.1028, -136.2094,  -71.3236, -103.0812,  -77.6716, -130.1981, -102.8846, -109.5066, -123.6524, -121.8671, -108.2345,  -77.7239, -127.6507,  -62.0091, -116.3842,  -85.9412, -106.6067,  -60.2892, -124.8958}"	"{10, 6, -2, 99, {{-11, 1}, {-10, -4}, {-9, 8}, {-8, -12}, {-7, 15}, {-6, -16}, {-5, 15}, {-4, -13}, {-3, 9}, {-2, -4}, {-1, 2}}, {{-3, 1}, {-2, -8}, {-1, 24}, {0, -33}, {1, 24}, {2, -8}, {3, 1}}}"
"{20., 14.,  0., 45.}"	"{-1.7724, -2.6963, -2.6059, -2.3581, -3.7471, -3.2163, -5.0145, -5.4662, -2.8871, -4.1792, -3.1537, -5.2521, -4.1141, -4.4394, -4.9684, -4.9100, -4.3652, -3.1457, -5.1321, -2.5081, -4.7202, -3.4761, -4.2950, -2.4324, -5.0476}"	"{13, 6, -2, 163, {{-15, 1}, {-14, -4}, {-13, 9}, {-12, -16}, {-11, 22}, {-10, -26}, {-9, 27}, {-8, -24}, {-7, 18}, {-6, -11}, {-5, 5}, {-4, -1}, {-2, 1}}, {{-3, 2}, {-2, -13}, {-1, 39}, {0, -55}, {1, 39}, {2, -13}, {3, 2}}}"
"{ 2.2000e+01,  1.2000e+01, -4.0000e+00,  9.8330e+03}"	"{-166.5286, -255.0144, -244.8352, -224.5081, -356.4106, -305.4951, -475.4042, -521.8610, -273.2065, -394.8452, -297.4786, -498.7867, -394.2383, -419.4502, -473.7308, -466.8731, -414.6429, -297.7263, -489.0578, -237.5469, -445.7935, -329.2325, -408.4232, -230.9626, -478.4441}"	"{10, 6, -2, 99, {{-11, 1}, {-10, -4}, {-9, 8}, {-8, -12}, {-7, 15}, {-6, -16}, {-5, 15}, {-4, -13}, {-3, 9}, {-2, -4}, {-1, 2}}, {{-3, 1}, {-2, -8}, {-1, 24}, {0, -33}, {1, 24}, {2, -8}, {3, 1}}}"
"{2.8000e+01, 2.0000e+01, 2.0000e+00, 2.7950e+03}"	"{ -48.0806,  -73.6137,  -70.6912,  -64.7960, -102.8663,  -88.1711, -137.2188, -150.6044,  -78.8599, -113.9732,  -85.8778, -143.9612, -113.7588, -121.0806, -136.7173, -134.7456, -119.6719,  -85.9384, -141.1384,  -68.5657, -128.6851,  -95.0256, -117.8766,  -66.6602, -138.0928}"	"{10, 6, -2, 99, {{-11, 1}, {-10, -4}, {-9, 8}, {-8, -12}, {-7, 15}, {-6, -16}, {-5, 15}, {-4, -13}, {-3, 9}, {-2, -4}, {-1, 2}}, {{-3, 1}, {-2, -8}, {-1, 24}, {0, -33}, {1, 24}, {2, -8}, {3, 1}}}"
"{18., 10., -2., 43.}"	"{-1.5112, -2.3014, -2.2221, -2.0140, -3.1981, -2.7446, -4.2773, -4.6662, -2.4613, -3.5636, -2.6896, -4.4803, -3.5124, -3.7856, -4.2413, -4.1904, -3.7253, -2.6836, -4.3796, -2.1392, -4.0248, -2.9634, -3.6635, -2.0742, -4.3037}"	"{13, 6, -2, 163, {{-15, 1}, {-14, -4}, {-13, 9}, {-12, -16}, {-11, 22}, {-10, -26}, {-9, 27}, {-8, -24}, {-7, 18}, {-6, -11}, {-5, 5}, {-4, -1}, {-2, 1}}, {{-3, 2}, {-2, -13}, {-1, 39}, {0, -55}, {1, 39}, {2, -13}, {3, 2}}}"
"{ 21.,  10.,   2., 171.}"	"{ -3.5577,  -5.4365,  -5.2335,  -4.7757,  -7.5822,  -6.5008, -10.1224, -11.0893,  -5.8189,  -8.4133,  -6.3457, -10.6147,  -8.3657,  -8.9415, -10.0674,  -9.9311,  -8.8214,  -6.3434, -10.3945,  -5.0601,  -9.5031,  -7.0070,  -8.6877,  -4.9140, -10.1827}"	"{13, 6, -2, 163, {{-15, 1}, {-14, -4}, {-13, 9}, {-12, -16}, {-11, 22}, {-10, -26}, {-9, 27}, {-8, -24}, {-7, 18}, {-6, -11}, {-5, 5}, {-4, -1}, {-2, 1}}, {{-3, 2}, {-2, -13}, {-1, 39}, {0, -55}, {1, 39}, {2, -13}, {3, 2}}}"
"{3., 2., 2., 3.}"	"{-0.3645, -0.5486, -0.5334, -0.4800, -0.7631, -0.6574, -1.0273, -1.1131, -0.5920, -0.8578, -0.6456, -1.0766, -0.8390, -0.9095, -1.0130, -1.0012, -0.8911, -0.6447, -1.0473, -0.5137, -0.9659, -0.7122, -0.8776, -0.4980, -1.0332}"	"{13, 6, -2, 163, {{-15, 1}, {-14, -4}, {-13, 9}, {-12, -16}, {-11, 22}, {-10, -26}, {-9, 27}, {-8, -24}, {-7, 18}, {-6, -11}, {-5, 5}, {-4, -1}, {-2, 1}}, {{-3, 2}, {-2, -13}, {-1, 39}, {0, -55}, {1, 39}, {2, -13}, {3, 2}}}"
"{15.,  4.,  0., 45.}"	"{-1.3365, -2.0374, -1.9653, -1.7846, -2.8326, -2.4312, -3.7879, -4.1356, -2.1778, -3.1523, -2.3785, -3.9682, -3.1162, -3.3496, -3.7567, -3.7112, -3.2974, -2.3753, -3.8805, -1.8936, -3.5604, -2.6221, -3.2463, -1.8366, -3.8081}"	"{13, 6, -2, 163, {{-15, 1}, {-14, -4}, {-13, 9}, {-12, -16}, {-11, 22}, {-10, -26}, {-9, 27}, {-8, -24}, {-7, 18}, {-6, -11}, {-5, 5}, {-4, -1}, {-2, 1}}, {{-3, 2}, {-2, -13}, {-1, 39}, {0, -55}, {1, 39}, {2, -13}, {3, 2}}}"
"{  21.,   12.,    0., 1873.}"	"{ -32.2843,  -49.4278,  -47.4662,  -43.5065,  -69.0665,  -59.2013,  -92.1341, -101.1187,  -52.9492,  -76.5270,  -57.6622,  -96.6598,  -76.3795,  -81.2985,  -91.7943,  -90.4726,  -80.3512,  -57.7024,  -94.7637,  -46.0371,  -86.4038,  -63.8024,  -79.1454,  -44.7577,  -92.7190}"	"{10, 6, -2, 99, {{-11, 1}, {-10, -4}, {-9, 8}, {-8, -12}, {-7, 15}, {-6, -16}, {-5, 15}, {-4, -13}, {-3, 9}, {-2, -4}, {-1, 2}}, {{-3, 1}, {-2, -8}, {-1, 24}, {0, -33}, {1, 24}, {2, -8}, {3, 1}}}"
"{ 12.,  10.,  -6., 347.}"	"{ -6.3335,  -9.6901,  -9.3104,  -8.5268, -13.5316, -11.6001, -18.0573, -19.8066, -10.3795, -15.0040, -11.3093, -18.9387, -14.9544, -15.9383, -17.9829, -17.7277, -15.7448, -11.3107, -18.5651,  -9.0209, -16.9388, -12.5012, -15.5050,  -8.7708, -18.1711}"	"{10, 6, -2, 99, {{-11, 1}, {-10, -4}, {-9, 8}, {-8, -12}, {-7, 15}, {-6, -16}, {-5, 15}, {-4, -13}, {-3, 9}, {-2, -4}, {-1, 2}}, {{-3, 1}, {-2, -8}, {-1, 24}, {0, -33}, {1, 24}, {2, -8}, {3, 1}}}"
"{11.,  6.,  0., 65.}"	"{-1.5211, -2.3212, -2.2364, -2.0377, -3.2344, -2.7733, -4.3209, -4.7282, -2.4841, -3.5931, -2.7106, -4.5284, -3.5654, -3.8183, -4.2927, -4.2366, -3.7641, -2.7081, -4.4329, -2.1593, -4.0583, -2.9904, -3.7063, -2.0971, -4.3455}"	"{13, 6, -2, 163, {{-15, 1}, {-14, -4}, {-13, 9}, {-12, -16}, {-11, 22}, {-10, -26}, {-9, 27}, {-8, -24}, {-7, 18}, {-6, -11}, {-5, 5}, {-4, -1}, {-2, 1}}, {{-3, 2}, {-2, -13}, {-1, 39}, {0, -55}, {1, 39}, {2, -13}, {3, 2}}}"
"{ 12.,   8.,  -4., 253.}"	"{ -4.7132,  -7.2100,  -6.9288,  -6.3428, -10.0656,  -8.6291, -13.4336, -14.7321,  -7.7221, -11.1629,  -8.4149, -14.0885, -11.1213, -11.8586, -13.3752, -13.1869, -11.7122,  -8.4150, -13.8083,  -6.7115, -12.6032,  -9.2993, -11.5334,  -6.5244, -13.5169}"	"{10, 6, -2, 99, {{-11, 1}, {-10, -4}, {-9, 8}, {-8, -12}, {-7, 15}, {-6, -16}, {-5, 15}, {-4, -13}, {-3, 9}, {-2, -4}, {-1, 2}}, {{-3, 1}, {-2, -8}, {-1, 24}, {0, -33}, {1, 24}, {2, -8}, {3, 1}}}"
"{ 9.,  4.,  0., 25.}"	"{-0.8904, -1.3537, -1.3079, -1.1850, -1.8823, -1.6160, -2.5198, -2.7465, -1.4496, -2.0989, -1.5831, -2.6389, -2.0690, -2.2290, -2.4955, -2.4668, -2.1925, -1.5802, -2.5786, -1.2594, -2.3689, -1.7453, -2.1586, -1.2216, -2.5337}"	"{13, 6, -2, 163, {{-15, 1}, {-14, -4}, {-13, 9}, {-12, -16}, {-11, 22}, {-10, -26}, {-9, 27}, {-8, -24}, {-7, 18}, {-6, -11}, {-5, 5}, {-4, -1}, {-2, 1}}, {{-3, 2}, {-2, -13}, {-1, 39}, {0, -55}, {1, 39}, {2, -13}, {3, 2}}}"
"{ 13.,   6.,  -6., 319.}"	"{ -5.8119,  -8.8938,  -8.5442,  -7.8256, -12.4183, -10.6463, -16.5715, -18.1775,  -9.5255, -13.7696, -10.3784, -17.3812, -13.7243, -14.6269, -16.5025, -16.2699, -14.4501, -10.3808, -17.0378,  -8.2797, -15.5455, -11.4715, -14.2289,  -8.0492, -16.6748}"	"{10, 6, -2, 99, {{-11, 1}, {-10, -4}, {-9, 8}, {-8, -12}, {-7, 15}, {-6, -16}, {-5, 15}, {-4, -13}, {-3, 9}, {-2, -4}, {-1, 2}}, {{-3, 1}, {-2, -8}, {-1, 24}, {0, -33}, {1, 24}, {2, -8}, {3, 1}}}"
"{13., 12., -8.,  9.}"	"{-1.1483, -1.7385, -1.6838, -1.5209, -2.4133, -2.0768, -3.2353, -3.5187, -1.8695, -2.7075, -2.0411, -3.3935, -2.6414, -2.8712, -3.2063, -3.1668, -2.8199, -2.0356, -3.3070, -1.6202, -3.0516, -2.2461, -2.7671, -1.5721, -3.2643}"	"{13, 6, -2, 163, {{-15, 1}, {-14, -4}, {-13, 9}, {-12, -16}, {-11, 22}, {-10, -26}, {-9, 27}, {-8, -24}, {-7, 18}, {-6, -11}, {-5, 5}, {-4, -1}, {-2, 1}}, {{-3, 2}, {-2, -13}, {-1, 39}, {0, -55}, {1, 39}, {2, -13}, {3, 2}}}"
"{ 23.,  16.,   2., 595.}"	"{-10.8168, -16.5495, -15.9044, -14.5587, -23.1125, -19.8114, -30.8389, -33.8284, -17.7249, -25.6202, -19.3113, -32.3486, -25.5414, -27.2207, -30.7109, -30.2746, -26.8883, -19.3171, -31.7034, -15.4101, -28.9303, -21.3533, -26.4843, -14.9782, -31.0319}"	"{10, 6, -2, 99, {{-11, 1}, {-10, -4}, {-9, 8}, {-8, -12}, {-7, 15}, {-6, -16}, {-5, 15}, {-4, -13}, {-3, 9}, {-2, -4}, {-1, 2}}, {{-3, 1}, {-2, -8}, {-1, 24}, {0, -33}, {1, 24}, {2, -8}, {3, 1}}}"
"{ 12.,   8.,   0., 217.}"	"{ -4.0921,  -6.2574,  -6.0158,  -5.5035,  -8.7360,  -7.4886, -11.6590, -12.7841,  -6.7016,  -9.6878,  -7.3036, -12.2278,  -9.6504, -10.2928, -11.6063, -11.4429, -10.1636,  -7.3038, -11.9817,  -5.8258, -10.9394,  -8.0715, -10.0100,  -5.6620, -11.7304}"	"{10, 6, -2, 99, {{-11, 1}, {-10, -4}, {-9, 8}, {-8, -12}, {-7, 15}, {-6, -16}, {-5, 15}, {-4, -13}, {-3, 9}, {-2, -4}, {-1, 2}}, {{-3, 1}, {-2, -8}, {-1, 24}, {0, -33}, {1, 24}, {2, -8}, {3, 1}}}"
"{ 20.,  14.,   4., 905.}"	"{-15.9690, -24.4400, -23.4791, -21.5064, -34.1435, -29.2665, -45.5519, -49.9817, -26.1795, -37.8387, -28.5150, -47.7867, -37.7470, -40.2006, -45.3732, -44.7239, -39.7213, -28.5306, -46.8405, -22.7624, -42.7250, -31.5437, -39.1266, -22.1264, -45.8390}"	"{10, 6, -2, 99, {{-11, 1}, {-10, -4}, {-9, 8}, {-8, -12}, {-7, 15}, {-6, -16}, {-5, 15}, {-4, -13}, {-3, 9}, {-2, -4}, {-1, 2}}, {{-3, 1}, {-2, -8}, {-1, 24}, {0, -33}, {1, 24}, {2, -8}, {3, 1}}}"
"{ 14.,   8.,  -2., 319.}"	"{ -5.8768,  -8.9901,  -8.6397,  -7.9084, -12.5525, -10.7607, -16.7510, -18.3720,  -9.6281, -13.9181, -10.4912, -17.5695, -13.8701, -14.7863, -16.6791, -16.4439, -14.6045, -10.4931, -17.2190,  -8.3697, -15.7148, -11.5968, -14.3835,  -8.1356, -16.8548}"	"{10, 6, -2, 99, {{-11, 1}, {-10, -4}, {-9, 8}, {-8, -12}, {-7, 15}, {-6, -16}, {-5, 15}, {-4, -13}, {-3, 9}, {-2, -4}, {-1, 2}}, {{-3, 1}, {-2, -8}, {-1, 24}, {0, -33}, {1, 24}, {2, -8}, {3, 1}}}"
"{ 13.,   8.,  -6., 167.}"	"{ -3.2960,  -5.0395,  -4.8453,  -4.4318,  -7.0308,  -6.0284,  -9.3866, -10.2882,  -5.3965,  -7.8023,  -5.8833,  -9.8414,  -7.7635,  -8.2879,  -9.3417,  -9.2125,  -8.1823,  -5.8807,  -9.6452,  -4.6887,  -8.8083,  -6.4961,  -8.0554,  -4.5582,  -9.4439}"	"{13, 6, -2, 163, {{-15, 1}, {-14, -4}, {-13, 9}, {-12, -16}, {-11, 22}, {-10, -26}, {-9, 27}, {-8, -24}, {-7, 18}, {-6, -11}, {-5, 5}, {-4, -1}, {-2, 1}}, {{-3, 2}, {-2, -13}, {-1, 39}, {0, -55}, {1, 39}, {2, -13}, {3, 2}}}"
"{  27.,   20.,    2., 1411.}"	"{-24.7195, -37.8380, -36.3450, -33.2991, -52.8639, -45.3122, -70.5235, -77.3888, -40.5319, -58.5813, -44.1456, -73.9850, -58.4469, -62.2365, -70.2547, -69.2463, -61.5006, -44.1707, -72.5259, -35.2399, -66.1454, -48.8364, -60.5771, -34.2578, -70.9715}"	"{10, 6, -2, 99, {{-11, 1}, {-10, -4}, {-9, 8}, {-8, -12}, {-7, 15}, {-6, -16}, {-5, 15}, {-4, -13}, {-3, 9}, {-2, -4}, {-1, 2}}, {{-3, 1}, {-2, -8}, {-1, 24}, {0, -33}, {1, 24}, {2, -8}, {3, 1}}}"
"{ 17.,  14.,   2., 203.}"	"{ -4.0980,  -6.2609,  -6.0263,  -5.5023,  -8.7382,  -7.4897, -11.6640, -12.7818,  -6.7050,  -9.6936,  -7.3101, -12.2309,  -9.6444, -10.3009, -11.6046, -11.4439, -10.1655,  -7.3079, -11.9804,  -5.8287, -10.9479,  -8.0762, -10.0127,  -5.6631, -11.7359}"	"{13, 6, -2, 163, {{-15, 1}, {-14, -4}, {-13, 9}, {-12, -16}, {-11, 22}, {-10, -26}, {-9, 27}, {-8, -24}, {-7, 18}, {-6, -11}, {-5, 5}, {-4, -1}, {-2, 1}}, {{-3, 2}, {-2, -13}, {-1, 39}, {0, -55}, {1, 39}, {2, -13}, {3, 2}}}"
"{  23.,   12.,    0., 1809.}"	"{-31.2305, -47.8133, -45.9171, -42.0842, -66.8088, -57.2664, -89.1224, -97.8117, -51.2186, -74.0266, -55.7786, -93.5008, -73.8803, -78.6423, -88.7925, -87.5154, -77.7249, -55.8173, -91.6650, -44.5330, -83.5809, -61.7165, -76.5579, -43.2944, -89.6885}"	"{10, 6, -2, 99, {{-11, 1}, {-10, -4}, {-9, 8}, {-8, -12}, {-7, 15}, {-6, -16}, {-5, 15}, {-4, -13}, {-3, 9}, {-2, -4}, {-1, 2}}, {{-3, 1}, {-2, -8}, {-1, 24}, {0, -33}, {1, 24}, {2, -8}, {3, 1}}}"
"{  18.,   18.,  -12., 2385.}"	"{ -40.9261,  -62.6642,  -60.1699,  -55.1639,  -87.5673,  -75.0584, -116.8107, -128.2098,  -67.1332,  -97.0248,  -73.1069, -122.5478,  -96.8432, -103.0701, -116.3912, -114.7093, -101.8775,  -73.1565, -120.1551,  -58.3639, -109.5432,  -80.8900, -100.3417,  -56.7474, -117.5581}"	"{10, 6, -2, 99, {{-11, 1}, {-10, -4}, {-9, 8}, {-8, -12}, {-7, 15}, {-6, -16}, {-5, 15}, {-4, -13}, {-3, 9}, {-2, -4}, {-1, 2}}, {{-3, 1}, {-2, -8}, {-1, 24}, {0, -33}, {1, 24}, {2, -8}, {3, 1}}}"
"{14.,  8.,  0., 25.}"	"{-1.1602, -1.7631, -1.7050, -1.5420, -2.4491, -2.1037, -3.2798, -3.5719, -1.8886, -2.7349, -2.0635, -3.4356, -2.6883, -2.9040, -3.2479, -3.2102, -2.8546, -2.0584, -3.3543, -1.6410, -3.0875, -2.2731, -2.8081, -1.5907, -3.3007}"	"{13, 6, -2, 163, {{-15, 1}, {-14, -4}, {-13, 9}, {-12, -16}, {-11, 22}, {-10, -26}, {-9, 27}, {-8, -24}, {-7, 18}, {-6, -11}, {-5, 5}, {-4, -1}, {-2, 1}}, {{-3, 2}, {-2, -13}, {-1, 39}, {0, -55}, {1, 39}, {2, -13}, {3, 2}}}"
"{19., 10., -2., 75.}"	"{-1.9864, -3.0301, -2.9221, -2.6569, -4.2176, -3.6177, -5.6360, -6.1610, -3.2410, -4.6893, -3.5388, -5.9054, -4.6431, -4.9835, -5.5963, -5.5254, -4.9097, -3.5336, -5.7792, -2.8170, -5.2968, -3.9020, -4.8318, -2.7342, -5.6694}"	"{13, 6, -2, 163, {{-15, 1}, {-14, -4}, {-13, 9}, {-12, -16}, {-11, 22}, {-10, -26}, {-9, 27}, {-8, -24}, {-7, 18}, {-6, -11}, {-5, 5}, {-4, -1}, {-2, 1}}, {{-3, 2}, {-2, -13}, {-1, 39}, {0, -55}, {1, 39}, {2, -13}, {3, 2}}}"
"{ 19.,  14.,   2., 431.}"	"{ -7.9644, -12.1821, -11.7104, -10.7152, -17.0110, -14.5815, -22.7001, -24.8961, -13.0470, -18.8598, -14.2166, -23.8099, -18.7955, -20.0384, -22.6023, -22.2822, -19.7901, -14.2191, -23.3322, -11.3429, -21.2961, -15.7177, -19.4935, -11.0243, -22.8414}"	"{10, 6, -2, 99, {{-11, 1}, {-10, -4}, {-9, 8}, {-8, -12}, {-7, 15}, {-6, -16}, {-5, 15}, {-4, -13}, {-3, 9}, {-2, -4}, {-1, 2}}, {{-3, 1}, {-2, -8}, {-1, 24}, {0, -33}, {1, 24}, {2, -8}, {3, 1}}}"
"{  26.,   18.,   -4., 1685.}"	"{-29.3027, -44.8601, -43.0830, -39.4834, -62.6774, -53.7251, -83.6138, -91.7607, -48.0549, -69.4536, -52.3368, -87.7177, -69.3049, -73.7846, -83.3018, -82.1041, -72.9189, -52.3681, -85.9959, -41.7790, -78.4186, -57.9000, -71.8216, -40.6183, -84.1453}"	"{10, 6, -2, 99, {{-11, 1}, {-10, -4}, {-9, 8}, {-8, -12}, {-7, 15}, {-6, -16}, {-5, 15}, {-4, -13}, {-3, 9}, {-2, -4}, {-1, 2}}, {{-3, 1}, {-2, -8}, {-1, 24}, {0, -33}, {1, 24}, {2, -8}, {3, 1}}}"
"{ 14.,   6.,  -4., 117.}"	"{-2.4564, -3.7536, -3.6117, -3.2987, -5.2329, -4.4879, -6.9884, -7.6549, -4.0177, -5.8104, -4.3821, -7.3261, -5.7745, -6.1726, -6.9502, -6.8574, -6.0906, -4.3794, -7.1772, -3.4914, -6.5601, -4.8354, -5.9958, -3.3930, -7.0299}"	"{13, 6, -2, 163, {{-15, 1}, {-14, -4}, {-13, 9}, {-12, -16}, {-11, 22}, {-10, -26}, {-9, 27}, {-8, -24}, {-7, 18}, {-6, -11}, {-5, 5}, {-4, -1}, {-2, 1}}, {{-3, 2}, {-2, -13}, {-1, 39}, {0, -55}, {1, 39}, {2, -13}, {3, 2}}}"
"{13.,  8.,  6.,  3.}"	"{-0.9374, -1.4164, -1.3757, -1.2368, -1.9659, -1.6947, -2.6440, -2.8677, -1.5248, -2.2086, -1.6638, -2.7730, -2.1578, -2.3432, -2.6121, -2.5802, -2.2959, -1.6606, -2.6979, -1.3242, -2.4906, -1.8356, -2.2590, -1.2838, -2.6633}"	"{13, 6, -2, 163, {{-15, 1}, {-14, -4}, {-13, 9}, {-12, -16}, {-11, 22}, {-10, -26}, {-9, 27}, {-8, -24}, {-7, 18}, {-6, -11}, {-5, 5}, {-4, -1}, {-2, 1}}, {{-3, 2}, {-2, -13}, {-1, 39}, {0, -55}, {1, 39}, {2, -13}, {3, 2}}}"
"{11.,  8., -4., 81.}"	"{-1.8161, -2.7730, -2.6700, -2.4366, -3.8653, -3.3148, -5.1635, -5.6526, -2.9690, -4.2940, -3.2395, -5.4110, -4.2629, -4.5615, -5.1334, -5.0646, -4.4992, -3.2359, -5.3011, -2.5788, -4.8477, -3.5728, -4.4285, -2.5064, -5.1942}"	"{13, 6, -2, 163, {{-15, 1}, {-14, -4}, {-13, 9}, {-12, -16}, {-11, 22}, {-10, -26}, {-9, 27}, {-8, -24}, {-7, 18}, {-6, -11}, {-5, 5}, {-4, -1}, {-2, 1}}, {{-3, 2}, {-2, -13}, {-1, 39}, {0, -55}, {1, 39}, {2, -13}, {3, 2}}}"
"{ 9.,  8.,  6., 43.}"	"{-1.1985, -1.8240, -1.7625, -1.5979, -2.5421, -2.1790, -3.3978, -3.7105, -1.9532, -2.8254, -2.1313, -3.5607, -2.7978, -3.0045, -3.3691, -3.3264, -2.9569, -2.1298, -3.4802, -1.6990, -3.1932, -2.3557, -2.9146, -1.6473, -3.4174}"	"{13, 6, -2, 163, {{-15, 1}, {-14, -4}, {-13, 9}, {-12, -16}, {-11, 22}, {-10, -26}, {-9, 27}, {-8, -24}, {-7, 18}, {-6, -11}, {-5, 5}, {-4, -1}, {-2, 1}}, {{-3, 2}, {-2, -13}, {-1, 39}, {0, -55}, {1, 39}, {2, -13}, {3, 2}}}"
"{4., 2., 0., 5.}"	"{-0.4250, -0.6417, -0.6228, -0.5620, -0.8921, -0.7678, -1.1987, -1.3012, -0.6905, -1.0010, -0.7539, -1.2556, -0.9802, -1.0614, -1.1842, -1.1703, -1.0418, -0.7523, -1.2232, -0.5995, -1.1275, -0.8309, -1.0248, -0.5810, -1.2060}"	"{13, 6, -2, 163, {{-15, 1}, {-14, -4}, {-13, 9}, {-12, -16}, {-11, 22}, {-10, -26}, {-9, 27}, {-8, -24}, {-7, 18}, {-6, -11}, {-5, 5}, {-4, -1}, {-2, 1}}, {{-3, 2}, {-2, -13}, {-1, 39}, {0, -55}, {1, 39}, {2, -13}, {3, 2}}}"
"{ 11.,   8.,  -4., 193.}"	"{ -3.6882,  -5.6399,  -5.4217,  -4.9609,  -7.8723,  -6.7493, -10.5080, -11.5207,  -6.0409,  -8.7330,  -6.5843, -11.0190,  -8.6960,  -9.2772, -10.4598, -10.3138,  -9.1603,  -6.5830, -10.7994,  -5.2496,  -9.8594,  -7.2734,  -9.0202,  -5.1033, -10.5728}"	"{13, 6, -2, 163, {{-15, 1}, {-14, -4}, {-13, 9}, {-12, -16}, {-11, 22}, {-10, -26}, {-9, 27}, {-8, -24}, {-7, 18}, {-6, -11}, {-5, 5}, {-4, -1}, {-2, 1}}, {{-3, 2}, {-2, -13}, {-1, 39}, {0, -55}, {1, 39}, {2, -13}, {3, 2}}}"
"{  19.,    8.,    0., 1393.}"	"{-24.0869, -36.8767, -35.4140, -32.4578, -51.5255, -44.1667, -68.7361, -75.4361, -39.5026, -57.0936, -43.0200, -72.1117, -56.9792, -60.6534, -68.4794, -67.4958, -59.9447, -43.0494, -70.6959, -34.3462, -64.4627, -47.5981, -59.0445, -33.3911, -69.1711}"	"{10, 6, -2, 99, {{-11, 1}, {-10, -4}, {-9, 8}, {-8, -12}, {-7, 15}, {-6, -16}, {-5, 15}, {-4, -13}, {-3, 9}, {-2, -4}, {-1, 2}}, {{-3, 1}, {-2, -8}, {-1, 24}, {0, -33}, {1, 24}, {2, -8}, {3, 1}}}"
"{19., 12., -4., 77.}"	"{-2.0715, -3.1591, -3.0462, -2.7704, -4.3974, -3.7714, -5.8760, -6.4231, -3.3796, -4.8901, -3.6907, -6.1562, -4.8390, -5.1956, -5.8357, -5.7605, -5.1191, -3.6844, -6.0255, -2.9361, -5.5230, -4.0678, -5.0365, -2.8507, -5.9117}"	"{13, 6, -2, 163, {{-15, 1}, {-14, -4}, {-13, 9}, {-12, -16}, {-11, 22}, {-10, -26}, {-9, 27}, {-8, -24}, {-7, 18}, {-6, -11}, {-5, 5}, {-4, -1}, {-2, 1}}, {{-3, 2}, {-2, -13}, {-1, 39}, {0, -55}, {1, 39}, {2, -13}, {3, 2}}}"
"{ 24.,  14.,   6., 547.}"	"{-10.0142, -15.3188, -14.7247, -13.4738, -21.3921, -18.3372, -28.5444, -31.3083, -16.4054, -23.7141, -17.8744, -29.9427, -23.6385, -25.1968, -28.4220, -28.0206, -24.8863, -17.8805, -29.3410, -14.2651, -26.7789, -19.7652, -24.5148, -13.8631, -28.7219}"	"{10, 6, -2, 99, {{-11, 1}, {-10, -4}, {-9, 8}, {-8, -12}, {-7, 15}, {-6, -16}, {-5, 15}, {-4, -13}, {-3, 9}, {-2, -4}, {-1, 2}}, {{-3, 1}, {-2, -8}, {-1, 24}, {0, -33}, {1, 24}, {2, -8}, {3, 1}}}"
"{  19.,   18.,    8., 1681.}"	"{-29.0619, -44.4884, -42.7289, -39.1564, -62.1677, -53.2852, -82.9303, -91.0139, -47.6600, -68.8814, -51.9030, -87.0047, -68.7464, -73.1797, -82.6217, -81.4306, -72.3219, -51.9385, -85.2922, -41.4397, -77.7749, -57.4322, -71.2410, -40.2855, -83.4579}"	"{10, 6, -2, 99, {{-11, 1}, {-10, -4}, {-9, 8}, {-8, -12}, {-7, 15}, {-6, -16}, {-5, 15}, {-4, -13}, {-3, 9}, {-2, -4}, {-1, 2}}, {{-3, 1}, {-2, -8}, {-1, 24}, {0, -33}, {1, 24}, {2, -8}, {3, 1}}}"
"{ 20.,  14.,  -2., 563.}"	"{-10.1968, -15.6028, -14.9923, -13.7272, -21.7905, -18.6788, -29.0751, -31.8951, -16.7118, -24.1555, -18.2069, -30.4980, -24.0821, -25.6633, -28.9560, -28.5446, -25.3516, -18.2124, -29.8926, -14.5279, -27.2748, -20.1309, -24.9689, -14.1221, -29.2577}"	"{10, 6, -2, 99, {{-11, 1}, {-10, -4}, {-9, 8}, {-8, -12}, {-7, 15}, {-6, -16}, {-5, 15}, {-4, -13}, {-3, 9}, {-2, -4}, {-1, 2}}, {{-3, 1}, {-2, -8}, {-1, 24}, {0, -33}, {1, 24}, {2, -8}, {3, 1}}}"
"{ 12.,   6.,  -2., 103.}"	"{-2.1766, -3.3251, -3.2005, -2.9219, -4.6368, -3.9762, -6.1922, -6.7821, -3.5601, -5.1482, -3.8827, -6.4915, -5.1166, -5.4696, -6.1573, -6.0749, -5.3962, -3.8805, -6.3585, -3.0941, -5.8128, -4.2852, -5.3131, -3.0063, -6.2288}"	"{13, 6, -2, 163, {{-15, 1}, {-14, -4}, {-13, 9}, {-12, -16}, {-11, 22}, {-10, -26}, {-9, 27}, {-8, -24}, {-7, 18}, {-6, -11}, {-5, 5}, {-4, -1}, {-2, 1}}, {{-3, 2}, {-2, -13}, {-1, 39}, {0, -55}, {1, 39}, {2, -13}, {3, 2}}}"
"{13.,  8.,  2., 51.}"	"{-1.4348, -2.1858, -2.1098, -1.9148, -3.0427, -2.6095, -4.0673, -4.4425, -2.3384, -3.3838, -2.5529, -4.2612, -3.3484, -3.5967, -4.0346, -3.9846, -3.5407, -2.5498, -4.1676, -2.0331, -3.8229, -2.8177, -3.4873, -1.9722, -4.0909}"	"{13, 6, -2, 163, {{-15, 1}, {-14, -4}, {-13, 9}, {-12, -16}, {-11, 22}, {-10, -26}, {-9, 27}, {-8, -24}, {-7, 18}, {-6, -11}, {-5, 5}, {-4, -1}, {-2, 1}}, {{-3, 2}, {-2, -13}, {-1, 39}, {0, -55}, {1, 39}, {2, -13}, {3, 2}}}"
"{  21.,   16.,   -8., 5529.}"	"{ -93.9843, -143.9184, -138.1786, -126.6988, -201.1328, -172.4005, -268.2893, -294.4963, -154.1837, -222.8317, -167.8879, -281.4800, -222.4686, -236.7178, -267.3391, -263.4714, -233.9965, -168.0206, -275.9875, -134.0556, -251.5844, -185.7958, -230.4828, -130.3402, -270.0049}"	"{10, 6, -2, 99, {{-11, 1}, {-10, -4}, {-9, 8}, {-8, -12}, {-7, 15}, {-6, -16}, {-5, 15}, {-4, -13}, {-3, 9}, {-2, -4}, {-1, 2}}, {{-3, 1}, {-2, -8}, {-1, 24}, {0, -33}, {1, 24}, {2, -8}, {3, 1}}}"
"{ 13.,  10.,  -8., 441.}"	"{ -7.9204, -12.1218, -11.6439, -10.6678, -16.9293, -14.5123, -22.5889, -24.7819, -12.9840, -18.7679, -14.1455, -23.6933, -18.7118, -19.9366, -22.4999, -22.1786, -19.6982, -14.1489, -23.2274, -11.2851, -21.1885, -15.6386, -19.3972, -10.9722, -22.7316}"	"{10, 6, -2, 99, {{-11, 1}, {-10, -4}, {-9, 8}, {-8, -12}, {-7, 15}, {-6, -16}, {-5, 15}, {-4, -13}, {-3, 9}, {-2, -4}, {-1, 2}}, {{-3, 1}, {-2, -8}, {-1, 24}, {0, -33}, {1, 24}, {2, -8}, {3, 1}}}"
"{ 15.,   8.,  -2., 435.}"	"{ -7.8627, -12.0310, -11.5598, -10.5853, -16.8017, -14.4031, -22.4194, -24.5935, -12.8855, -18.6262, -14.0385, -23.5163, -18.5698, -19.7878, -22.3269, -22.0103, -19.5482, -14.0430, -23.0497, -11.2021, -21.0304, -15.5222, -19.2527, -10.8892, -22.5590}"	"{10, 6, -2, 99, {{-11, 1}, {-10, -4}, {-9, 8}, {-8, -12}, {-7, 15}, {-6, -16}, {-5, 15}, {-4, -13}, {-3, 9}, {-2, -4}, {-1, 2}}, {{-3, 1}, {-2, -8}, {-1, 24}, {0, -33}, {1, 24}, {2, -8}, {3, 1}}}"
"{  14.,   14.,   -2., 1555.}"	"{-26.7972, -41.0259, -39.3975, -36.1129, -57.3291, -49.1392, -76.4760, -83.9339, -43.9516, -63.5220, -47.8640, -80.2316, -63.3990, -67.4818, -76.1960, -75.0962, -66.6960, -47.8959, -78.6599, -38.2121, -71.7195, -52.9598, -65.6940, -37.1515, -76.9636}"	"{10, 6, -2, 99, {{-11, 1}, {-10, -4}, {-9, 8}, {-8, -12}, {-7, 15}, {-6, -16}, {-5, 15}, {-4, -13}, {-3, 9}, {-2, -4}, {-1, 2}}, {{-3, 1}, {-2, -8}, {-1, 24}, {0, -33}, {1, 24}, {2, -8}, {3, 1}}}"
"{ 16.,  10.,   0., 897.}"	"{-15.6794, -24.0006, -23.0524, -21.1226, -33.5322, -28.7426, -44.7345, -49.0897, -25.7097, -37.1589, -28.0017, -46.9297, -37.0756, -39.4766, -44.5638, -43.9242, -39.0108, -28.0179, -46.0051, -22.3529, -41.9558, -30.9770, -38.4245, -21.7303, -45.0169}"	"{10, 6, -2, 99, {{-11, 1}, {-10, -4}, {-9, 8}, {-8, -12}, {-7, 15}, {-6, -16}, {-5, 15}, {-4, -13}, {-3, 9}, {-2, -4}, {-1, 2}}, {{-3, 1}, {-2, -8}, {-1, 24}, {0, -33}, {1, 24}, {2, -8}, {3, 1}}}"
"{12., 12., -8.,  9.}"	"{-1.1159, -1.6905, -1.6371, -1.4792, -2.3460, -2.0192, -3.1458, -3.4215, -1.8174, -2.6322, -1.9840, -3.2987, -2.5688, -2.7917, -3.1171, -3.0792, -2.7419, -1.9792, -3.2155, -1.5753, -2.9670, -2.1839, -2.6903, -1.5286, -3.1736}"	"{13, 6, -2, 163, {{-15, 1}, {-14, -4}, {-13, 9}, {-12, -16}, {-11, 22}, {-10, -26}, {-9, 27}, {-8, -24}, {-7, 18}, {-6, -11}, {-5, 5}, {-4, -1}, {-2, 1}}, {{-3, 2}, {-2, -13}, {-1, 39}, {0, -55}, {1, 39}, {2, -13}, {3, 2}}}"
"{ 21.,  14.,  -2., 995.}"	"{-17.4879, -26.7683, -25.7116, -23.5576, -37.3960, -32.0547, -49.8899, -54.7448, -28.6736, -41.4432, -31.2312, -52.3373, -41.3441, -44.0278, -49.6986, -48.9863, -43.5068, -31.2478, -51.3060, -24.9288, -46.7933, -34.5462, -42.8514, -24.2347, -50.2061}"	"{10, 6, -2, 99, {{-11, 1}, {-10, -4}, {-9, 8}, {-8, -12}, {-7, 15}, {-6, -16}, {-5, 15}, {-4, -13}, {-3, 9}, {-2, -4}, {-1, 2}}, {{-3, 1}, {-2, -8}, {-1, 24}, {0, -33}, {1, 24}, {2, -8}, {3, 1}}}"
"{11.,  4., -4., 29.}"	"{-0.9716, -1.4799, -1.4280, -1.2967, -2.0558, -1.7658, -2.7513, -3.0012, -1.5830, -2.2926, -1.7297, -2.8808, -2.2606, -2.4343, -2.7274, -2.6963, -2.3962, -1.7262, -2.8178, -1.3752, -2.5868, -1.9041, -2.3560, -1.3341, -2.7667}"	"{13, 6, -2, 163, {{-15, 1}, {-14, -4}, {-13, 9}, {-12, -16}, {-11, 22}, {-10, -26}, {-9, 27}, {-8, -24}, {-7, 18}, {-6, -11}, {-5, 5}, {-4, -1}, {-2, 1}}, {{-3, 2}, {-2, -13}, {-1, 39}, {0, -55}, {1, 39}, {2, -13}, {3, 2}}}"
"{ 8.,  8., -4., 33.}"	"{-1.0003, -1.5229, -1.4701, -1.3359, -2.1197, -1.8183, -2.8343, -3.0942, -1.6311, -2.3611, -1.7819, -2.9674, -2.3316, -2.5075, -2.8126, -2.7770, -2.4690, -1.7773, -2.9046, -1.4153, -2.6648, -1.9631, -2.4279, -1.3748, -2.8526}"	"{13, 6, -2, 163, {{-15, 1}, {-14, -4}, {-13, 9}, {-12, -16}, {-11, 22}, {-10, -26}, {-9, 27}, {-8, -24}, {-7, 18}, {-6, -11}, {-5, 5}, {-4, -1}, {-2, 1}}, {{-3, 2}, {-2, -13}, {-1, 39}, {0, -55}, {1, 39}, {2, -13}, {3, 2}}}"
"{ 12.,   8.,   4., 217.}"	"{ -4.1267,  -6.3080,  -6.0673,  -5.5466,  -8.8070,  -7.5490, -11.7542, -12.8865,  -6.7552,  -9.7664,  -7.3622, -12.3280,  -9.7278, -10.3772, -11.6986, -11.5346, -10.2455,  -7.3633, -12.0768,  -5.8742, -11.0287,  -8.1389, -10.0930,  -5.7073, -11.8255}"	"{10, 6, -2, 99, {{-11, 1}, {-10, -4}, {-9, 8}, {-8, -12}, {-7, 15}, {-6, -16}, {-5, 15}, {-4, -13}, {-3, 9}, {-2, -4}, {-1, 2}}, {{-3, 1}, {-2, -8}, {-1, 24}, {0, -33}, {1, 24}, {2, -8}, {3, 1}}}"
"{ 15.,  10.,   2., 755.}"	"{-13.2781, -20.3224, -19.5218, -17.8840, -28.3913, -24.3359, -37.8776, -41.5621, -21.7686, -31.4637, -23.7103, -39.7356, -31.3895, -33.4269, -37.7302, -37.1898, -33.0299, -23.7235, -38.9502, -18.9270, -35.5262, -26.2294, -32.5348, -18.3991, -38.1162}"	"{10, 6, -2, 99, {{-11, 1}, {-10, -4}, {-9, 8}, {-8, -12}, {-7, 15}, {-6, -16}, {-5, 15}, {-4, -13}, {-3, 9}, {-2, -4}, {-1, 2}}, {{-3, 1}, {-2, -8}, {-1, 24}, {0, -33}, {1, 24}, {2, -8}, {3, 1}}}"
"{  19.,   14.,   -2., 1331.}"	"{-23.1296, -35.4079, -34.0060, -31.1644, -49.4726, -42.4061, -65.9981, -72.4284, -37.9304, -54.8211, -41.3099, -69.2379, -54.7044, -58.2394, -65.7514, -64.8058, -57.5563, -41.3351, -67.8779, -32.9773, -61.8968, -45.7023, -56.6909, -32.0606, -66.4175}"	"{10, 6, -2, 99, {{-11, 1}, {-10, -4}, {-9, 8}, {-8, -12}, {-7, 15}, {-6, -16}, {-5, 15}, {-4, -13}, {-3, 9}, {-2, -4}, {-1, 2}}, {{-3, 1}, {-2, -8}, {-1, 24}, {0, -33}, {1, 24}, {2, -8}, {3, 1}}}"
"{ 17.,  12.,   0., 257.}"	"{ -4.9490,  -7.5665,  -7.2768,  -6.6528, -10.5617,  -9.0535, -14.0959, -15.4536,  -8.1027, -11.7135,  -8.8319, -14.7830, -11.6636, -12.4460, -14.0303, -13.8344, -12.2876,  -8.8310, -14.4844,  -7.0437, -13.2277,  -9.7591, -12.1020,  -6.8452, -14.1832}"	"{13, 6, -2, 163, {{-15, 1}, {-14, -4}, {-13, 9}, {-12, -16}, {-11, 22}, {-10, -26}, {-9, 27}, {-8, -24}, {-7, 18}, {-6, -11}, {-5, 5}, {-4, -1}, {-2, 1}}, {{-3, 2}, {-2, -13}, {-1, 39}, {0, -55}, {1, 39}, {2, -13}, {3, 2}}}"
"{ 2.4000e+01,  1.4000e+01, -8.0000e+00,  1.1801e+04}"	"{-199.7728, -305.9258, -293.7116, -269.3311, -427.5663, -366.4858, -570.3149, -626.0498, -327.7506, -473.6729, -356.8676, -598.3659, -472.9485, -503.1890, -568.3117, -560.0830, -497.4250, -357.1643, -586.6982, -284.9705, -534.7914, -394.9613, -489.9620, -277.0735, -573.9634}"	"{10, 6, -2, 99, {{-11, 1}, {-10, -4}, {-9, 8}, {-8, -12}, {-7, 15}, {-6, -16}, {-5, 15}, {-4, -13}, {-3, 9}, {-2, -4}, {-1, 2}}, {{-3, 1}, {-2, -8}, {-1, 24}, {0, -33}, {1, 24}, {2, -8}, {3, 1}}}"
"{18., 16., 12., 17.}"	"{-1.5905, -2.4061, -2.3376, -2.0996, -3.3404, -2.8774, -4.4886, -4.8726, -2.5866, -3.7453, -2.8221, -4.7077, -3.6683, -3.9780, -4.4358, -4.3826, -3.8975, -2.8179, -4.5836, -2.2466, -4.2268, -3.1174, -3.8385, -2.1787, -4.5221}"	"{13, 6, -2, 163, {{-15, 1}, {-14, -4}, {-13, 9}, {-12, -16}, {-11, 22}, {-10, -26}, {-9, 27}, {-8, -24}, {-7, 18}, {-6, -11}, {-5, 5}, {-4, -1}, {-2, 1}}, {{-3, 2}, {-2, -13}, {-1, 39}, {0, -55}, {1, 39}, {2, -13}, {3, 2}}}"
"{16., 12.,  6., 31.}"	"{-1.4442, -2.1920, -2.1229, -1.9155, -3.0465, -2.6170, -4.0815, -4.4430, -2.3499, -3.4017, -2.5659, -4.2771, -3.3452, -3.6140, -4.0397, -3.9918, -3.5493, -2.5607, -4.1738, -2.0422, -3.8425, -2.8316, -3.4947, -1.9800, -4.1089}"	"{13, 6, -2, 163, {{-15, 1}, {-14, -4}, {-13, 9}, {-12, -16}, {-11, 22}, {-10, -26}, {-9, 27}, {-8, -24}, {-7, 18}, {-6, -11}, {-5, 5}, {-4, -1}, {-2, 1}}, {{-3, 2}, {-2, -13}, {-1, 39}, {0, -55}, {1, 39}, {2, -13}, {3, 2}}}"
"{ 2.3000e+01,  1.8000e+01, -4.0000e+00,  1.0369e+04}"	"{-175.6717, -269.0144, -258.2780, -236.8329, -375.9775, -322.2656, -501.5038, -550.5095, -288.2067, -416.5226, -313.8125, -526.1687, -415.8795, -442.4794, -499.7387, -492.5030, -437.4059, -314.0714, -515.9058, -250.5878, -470.2691, -347.3081, -430.8449, -243.6426, -504.7121}"	"{10, 6, -2, 99, {{-11, 1}, {-10, -4}, {-9, 8}, {-8, -12}, {-7, 15}, {-6, -16}, {-5, 15}, {-4, -13}, {-3, 9}, {-2, -4}, {-1, 2}}, {{-3, 1}, {-2, -8}, {-1, 24}, {0, -33}, {1, 24}, {2, -8}, {3, 1}}}"
"{12.,  6., -4., 61.}"	"{-1.4974, -2.2851, -2.2016, -2.0064, -3.1823, -2.7301, -4.2525, -4.6517, -2.4457, -3.5384, -2.6698, -4.4561, -3.5064, -3.7587, -4.2245, -4.1702, -3.7052, -2.6661, -4.3631, -2.1247, -3.9944, -2.9418, -3.6457, -2.0638, -4.2772}"	"{13, 6, -2, 163, {{-15, 1}, {-14, -4}, {-13, 9}, {-12, -16}, {-11, 22}, {-10, -26}, {-9, 27}, {-8, -24}, {-7, 18}, {-6, -11}, {-5, 5}, {-4, -1}, {-2, 1}}, {{-3, 2}, {-2, -13}, {-1, 39}, {0, -55}, {1, 39}, {2, -13}, {3, 2}}}"
"{14.,  6.,  0., 21.}"	"{-1.1013, -1.6726, -1.6181, -1.4627, -2.3225, -1.9966, -3.1123, -3.3874, -1.7927, -2.5964, -1.9580, -3.2609, -2.5494, -2.7558, -3.0806, -3.0463, -2.7089, -1.9540, -3.1827, -1.5578, -2.9304, -2.1570, -2.6641, -1.5101, -3.1325}"	"{13, 6, -2, 163, {{-15, 1}, {-14, -4}, {-13, 9}, {-12, -16}, {-11, 22}, {-10, -26}, {-9, 27}, {-8, -24}, {-7, 18}, {-6, -11}, {-5, 5}, {-4, -1}, {-2, 1}}, {{-3, 2}, {-2, -13}, {-1, 39}, {0, -55}, {1, 39}, {2, -13}, {3, 2}}}"
"{  22.,   14.,    4., 3429.}"	"{ -58.5610,  -89.6667,  -86.0993,  -78.9316, -125.3084, -107.4072, -167.1509, -183.4686,  -96.0595, -138.8301, -104.6011, -175.3683, -138.5923, -147.4855, -166.5483, -164.1433, -145.7806, -104.6824, -171.9360,  -83.5223, -156.7482, -115.7561, -143.5955,  -81.2028, -168.2162}"	"{10, 6, -2, 99, {{-11, 1}, {-10, -4}, {-9, 8}, {-8, -12}, {-7, 15}, {-6, -16}, {-5, 15}, {-4, -13}, {-3, 9}, {-2, -4}, {-1, 2}}, {{-3, 1}, {-2, -8}, {-1, 24}, {0, -33}, {1, 24}, {2, -8}, {3, 1}}}"
"{13.,  4., -2., 87.}"	"{-1.9099, -2.9176, -2.8084, -2.5628, -4.0656, -3.4874, -5.4308, -5.9465, -3.1219, -4.5155, -3.4058, -5.6927, -4.4855, -4.7975, -5.3981, -5.3279, -4.7322, -3.4038, -5.5755, -2.7137, -5.0989, -3.7574, -4.6589, -2.6366, -5.4616}"	"{13, 6, -2, 163, {{-15, 1}, {-14, -4}, {-13, 9}, {-12, -16}, {-11, 22}, {-10, -26}, {-9, 27}, {-8, -24}, {-7, 18}, {-6, -11}, {-5, 5}, {-4, -1}, {-2, 1}}, {{-3, 2}, {-2, -13}, {-1, 39}, {0, -55}, {1, 39}, {2, -13}, {3, 2}}}"
"{17., 12.,  6., 75.}"	"{-1.9783, -3.0158, -2.9106, -2.6426, -4.2009, -3.6011, -5.6121, -6.1343, -3.2263, -4.6666, -3.5219, -5.8813, -4.6239, -4.9622, -5.5707, -5.4987, -4.8864, -3.5178, -5.7526, -2.8063, -5.2749, -3.8886, -4.8136, -2.7219, -5.6453}"	"{13, 6, -2, 163, {{-15, 1}, {-14, -4}, {-13, 9}, {-12, -16}, {-11, 22}, {-10, -26}, {-9, 27}, {-8, -24}, {-7, 18}, {-6, -11}, {-5, 5}, {-4, -1}, {-2, 1}}, {{-3, 2}, {-2, -13}, {-1, 39}, {0, -55}, {1, 39}, {2, -13}, {3, 2}}}"
"{ 15.,  14.,   4., 141.}"	"{-3.0129, -4.5996, -4.4315, -4.0400, -6.4186, -5.5008, -8.5685, -9.3847, -4.9262, -7.1220, -5.3723, -8.9844, -7.0791, -7.5697, -8.5207, -8.4035, -7.4665, -5.3696, -8.7968, -4.2831, -8.0456, -5.9340, -7.3543, -4.1594, -8.6217}"	"{13, 6, -2, 163, {{-15, 1}, {-14, -4}, {-13, 9}, {-12, -16}, {-11, 22}, {-10, -26}, {-9, 27}, {-8, -24}, {-7, 18}, {-6, -11}, {-5, 5}, {-4, -1}, {-2, 1}}, {{-3, 2}, {-2, -13}, {-1, 39}, {0, -55}, {1, 39}, {2, -13}, {3, 2}}}"
"{ 19.,  16., -10., 107.}"	"{-2.5765, -3.9334, -3.7878, -3.4547, -5.4795, -4.6984, -7.3201, -8.0098, -4.2113, -6.0895, -4.5974, -7.6684, -6.0365, -6.4691, -7.2780, -7.1799, -6.3787, -4.5882, -7.5136, -3.6553, -6.8764, -5.0650, -6.2749, -3.5527, -7.3658}"	"{13, 6, -2, 163, {{-15, 1}, {-14, -4}, {-13, 9}, {-12, -16}, {-11, 22}, {-10, -26}, {-9, 27}, {-8, -24}, {-7, 18}, {-6, -11}, {-5, 5}, {-4, -1}, {-2, 1}}, {{-3, 2}, {-2, -13}, {-1, 39}, {0, -55}, {1, 39}, {2, -13}, {3, 2}}}"
"{  19.,    8.,   -2., 1371.}"	"{-23.7179, -36.3118, -34.8709, -31.9609, -50.7359, -43.4899, -67.6828, -74.2804, -38.8977, -56.2193, -42.3614, -71.0064, -56.1056, -59.7239, -67.4305, -66.4619, -59.0263, -42.3898, -69.6130, -33.8196, -63.4747, -46.8681, -58.1392, -32.8795, -68.1111}"	"{10, 6, -2, 99, {{-11, 1}, {-10, -4}, {-9, 8}, {-8, -12}, {-7, 15}, {-6, -16}, {-5, 15}, {-4, -13}, {-3, 9}, {-2, -4}, {-1, 2}}, {{-3, 1}, {-2, -8}, {-1, 24}, {0, -33}, {1, 24}, {2, -8}, {3, 1}}}"
"{ 19.,  20., -12., 209.}"	"{ -4.3425,  -6.6364,  -6.3844,  -5.8345,  -9.2575,  -7.9359, -12.3603, -13.5426,  -7.1083, -10.2762,  -7.7524, -12.9558, -10.2138, -10.9162, -12.3004, -12.1288, -10.7732,  -7.7444, -12.6984,  -6.1726, -11.6017,  -8.5545, -10.6041,  -6.0012, -12.4391}"	"{13, 6, -2, 163, {{-15, 1}, {-14, -4}, {-13, 9}, {-12, -16}, {-11, 22}, {-10, -26}, {-9, 27}, {-8, -24}, {-7, 18}, {-6, -11}, {-5, 5}, {-4, -1}, {-2, 1}}, {{-3, 2}, {-2, -13}, {-1, 39}, {0, -55}, {1, 39}, {2, -13}, {3, 2}}}"
"{13., 12., 10., 39.}"	"{-1.4651, -2.2242, -2.1543, -1.9444, -3.0952, -2.6568, -4.1443, -4.5144, -2.3846, -3.4500, -2.6019, -4.3436, -3.4018, -3.6679, -4.1023, -4.0532, -3.6031, -2.5988, -4.2397, -2.0728, -3.8983, -2.8759, -3.5516, -2.0098, -4.1710}"	"{13, 6, -2, 163, {{-15, 1}, {-14, -4}, {-13, 9}, {-12, -16}, {-11, 22}, {-10, -26}, {-9, 27}, {-8, -24}, {-7, 18}, {-6, -11}, {-5, 5}, {-4, -1}, {-2, 1}}, {{-3, 2}, {-2, -13}, {-1, 39}, {0, -55}, {1, 39}, {2, -13}, {3, 2}}}"
"{22., 18., 12., 57.}"	"{-2.1527, -3.2712, -3.1659, -2.8590, -4.5499, -3.9046, -6.0892, -6.6360, -3.5041, -5.0699, -3.8257, -6.3822, -4.9974, -5.3900, -6.0312, -5.9579, -5.2961, -3.8190, -6.2310, -3.0462, -5.7301, -4.2248, -5.2181, -2.9537, -6.1294}"	"{13, 6, -2, 163, {{-15, 1}, {-14, -4}, {-13, 9}, {-12, -16}, {-11, 22}, {-10, -26}, {-9, 27}, {-8, -24}, {-7, 18}, {-6, -11}, {-5, 5}, {-4, -1}, {-2, 1}}, {{-3, 2}, {-2, -13}, {-1, 39}, {0, -55}, {1, 39}, {2, -13}, {3, 2}}}"
"{6., 4., 2., 7.}"	"{-0.5980, -0.9041, -0.8775, -0.7908, -1.2558, -1.0812, -1.6877, -1.8322, -0.9718, -1.4084, -1.0610, -1.7681, -1.3799, -1.4944, -1.6672, -1.6476, -1.4659, -1.0594, -1.7225, -0.8441, -1.5880, -1.1704, -1.4429, -0.8184, -1.6980}"	"{13, 6, -2, 163, {{-15, 1}, {-14, -4}, {-13, 9}, {-12, -16}, {-11, 22}, {-10, -26}, {-9, 27}, {-8, -24}, {-7, 18}, {-6, -11}, {-5, 5}, {-4, -1}, {-2, 1}}, {{-3, 2}, {-2, -13}, {-1, 39}, {0, -55}, {1, 39}, {2, -13}, {3, 2}}}"
"{12., 12., -8., 33.}"	"{-1.2633, -1.9248, -1.8573, -1.6869, -2.6732, -2.2952, -3.5758, -3.9007, -2.0602, -2.9827, -2.2519, -3.7438, -2.9344, -3.1672, -3.5481, -3.5043, -3.1165, -2.2451, -3.6626, -1.7868, -3.3666, -2.4772, -3.0610, -1.7356, -3.6010}"	"{13, 6, -2, 163, {{-15, 1}, {-14, -4}, {-13, 9}, {-12, -16}, {-11, 22}, {-10, -26}, {-9, 27}, {-8, -24}, {-7, 18}, {-6, -11}, {-5, 5}, {-4, -1}, {-2, 1}}, {{-3, 2}, {-2, -13}, {-1, 39}, {0, -55}, {1, 39}, {2, -13}, {3, 2}}}"
"{2.6000e+01, 2.2000e+01, 4.0000e+00, 7.4290e+03}"	"{-126.1946, -193.2389, -185.5364, -170.1157, -270.0672, -231.4846, -360.2366, -395.4269, -207.0235, -299.1956, -225.4213, -377.9525, -298.7173, -317.8451, -358.9593, -353.7648, -314.1894, -225.6034, -370.5704, -180.0023, -337.8071, -249.4768, -309.4795, -175.0096, -362.5403}"	"{10, 6, -2, 99, {{-11, 1}, {-10, -4}, {-9, 8}, {-8, -12}, {-7, 15}, {-6, -16}, {-5, 15}, {-4, -13}, {-3, 9}, {-2, -4}, {-1, 2}}, {{-3, 1}, {-2, -8}, {-1, 24}, {0, -33}, {1, 24}, {2, -8}, {3, 1}}}"
"{13., 10., -8., 25.}"	"{-1.1507, -1.7516, -1.6910, -1.5339, -2.4302, -2.0882, -3.2528, -3.5452, -1.8748, -2.7157, -2.0498, -3.4063, -2.6661, -2.8824, -3.2256, -3.1886, -2.8362, -2.0435, -3.3301, -1.6267, -3.0642, -2.2542, -2.7845, -1.5792, -3.2766}"	"{13, 6, -2, 163, {{-15, 1}, {-14, -4}, {-13, 9}, {-12, -16}, {-11, 22}, {-10, -26}, {-9, 27}, {-8, -24}, {-7, 18}, {-6, -11}, {-5, 5}, {-4, -1}, {-2, 1}}, {{-3, 2}, {-2, -13}, {-1, 39}, {0, -55}, {1, 39}, {2, -13}, {3, 2}}}"
"{ 12.,  10.,  -2., 395.}"	"{ -7.1372, -10.9196, -10.4924,  -9.6080, -15.2514, -13.0730, -20.3502, -22.3236, -11.6964, -16.9070, -12.7431, -21.3456, -16.8559, -17.9614, -20.2672, -19.9782, -17.7440, -12.7467, -20.9221, -10.1677, -19.0892, -14.0903, -17.4760,  -9.8840, -20.4780}"	"{10, 6, -2, 99, {{-11, 1}, {-10, -4}, {-9, 8}, {-8, -12}, {-7, 15}, {-6, -16}, {-5, 15}, {-4, -13}, {-3, 9}, {-2, -4}, {-1, 2}}, {{-3, 1}, {-2, -8}, {-1, 24}, {0, -33}, {1, 24}, {2, -8}, {3, 1}}}"
"{ 12.,   6.,  -2., 227.}"	"{ -4.2591,  -6.5142,  -6.2615,  -5.7297,  -9.0932,  -7.7960, -12.1369, -13.3083,  -6.9760, -10.0850,  -7.6024, -12.7284, -10.0467, -10.7142, -12.0820, -11.9130, -10.5804,  -7.6028, -12.4735,  -6.0639, -11.3865,  -8.4017, -10.4203,  -5.8943, -12.2109}"	"{10, 6, -2, 99, {{-11, 1}, {-10, -4}, {-9, 8}, {-8, -12}, {-7, 15}, {-6, -16}, {-5, 15}, {-4, -13}, {-3, 9}, {-2, -4}, {-1, 2}}, {{-3, 1}, {-2, -8}, {-1, 24}, {0, -33}, {1, 24}, {2, -8}, {3, 1}}}"
"{ 24.,  14.,   2., 279.}"	"{ -5.5040,  -8.4132,  -8.0942,  -7.3944, -11.7408, -10.0644, -15.6702, -17.1763,  -9.0077, -13.0221,  -9.8197, -16.4343, -12.9611, -13.8380, -15.5936, -15.3780, -13.6588,  -9.8182, -16.0985,  -7.8317, -14.7074, -10.8488, -13.4528,  -7.6089, -15.7659}"	"{13, 6, -2, 163, {{-15, 1}, {-14, -4}, {-13, 9}, {-12, -16}, {-11, 22}, {-10, -26}, {-9, 27}, {-8, -24}, {-7, 18}, {-6, -11}, {-5, 5}, {-4, -1}, {-2, 1}}, {{-3, 2}, {-2, -13}, {-1, 39}, {0, -55}, {1, 39}, {2, -13}, {3, 2}}}"
"{5., 2., 2., 7.}"	"{-0.4862, -0.7349, -0.7130, -0.6428, -1.0215, -0.8795, -1.3729, -1.4905, -0.7903, -1.1450, -0.8621, -1.4383, -1.1235, -1.2149, -1.3551, -1.3404, -1.1921, -0.8613, -1.4013, -0.6865, -1.2905, -0.9514, -1.1740, -0.6653, -1.3800}"	"{13, 6, -2, 163, {{-15, 1}, {-14, -4}, {-13, 9}, {-12, -16}, {-11, 22}, {-10, -26}, {-9, 27}, {-8, -24}, {-7, 18}, {-6, -11}, {-5, 5}, {-4, -1}, {-2, 1}}, {{-3, 2}, {-2, -13}, {-1, 39}, {0, -55}, {1, 39}, {2, -13}, {3, 2}}}"
"{18., 16.,  4., 65.}"	"{-1.9739, -3.0054, -2.9033, -2.6311, -4.1841, -3.5875, -5.5926, -6.1059, -3.2174, -4.6540, -3.5129, -5.8594, -4.5993, -4.9481, -5.5476, -5.4766, -4.8681, -3.5065, -5.7290, -2.7958, -5.2598, -3.8772, -4.7940, -2.7127, -5.6284}"	"{13, 6, -2, 163, {{-15, 1}, {-14, -4}, {-13, 9}, {-12, -16}, {-11, 22}, {-10, -26}, {-9, 27}, {-8, -24}, {-7, 18}, {-6, -11}, {-5, 5}, {-4, -1}, {-2, 1}}, {{-3, 2}, {-2, -13}, {-1, 39}, {0, -55}, {1, 39}, {2, -13}, {3, 2}}}"
"{23., 10.,  2., 91.}"	"{-2.3196, -3.5407, -3.4140, -3.1043, -4.9289, -4.2274, -6.5848, -7.2011, -3.7854, -5.4761, -4.1326, -6.9019, -5.4274, -5.8216, -6.5392, -6.4559, -5.7359, -4.1288, -6.7530, -3.2925, -6.1877, -4.5583, -5.6469, -3.1944, -6.6224}"	"{13, 6, -2, 163, {{-15, 1}, {-14, -4}, {-13, 9}, {-12, -16}, {-11, 22}, {-10, -26}, {-9, 27}, {-8, -24}, {-7, 18}, {-6, -11}, {-5, 5}, {-4, -1}, {-2, 1}}, {{-3, 2}, {-2, -13}, {-1, 39}, {0, -55}, {1, 39}, {2, -13}, {3, 2}}}"
"{ 21.,  10.,  -2., 783.}"	"{-13.8734, -21.2349, -20.3980, -18.6859, -29.6613, -25.4261, -39.5736, -43.4210, -22.7443, -32.8745, -24.7746, -41.5137, -32.7904, -34.9249, -39.4177, -38.8558, -34.5090, -24.7870, -40.6936, -19.7743, -37.1185, -27.4009, -33.9887, -19.2226, -39.8219}"	"{10, 6, -2, 99, {{-11, 1}, {-10, -4}, {-9, 8}, {-8, -12}, {-7, 15}, {-6, -16}, {-5, 15}, {-4, -13}, {-3, 9}, {-2, -4}, {-1, 2}}, {{-3, 1}, {-2, -8}, {-1, 24}, {0, -33}, {1, 24}, {2, -8}, {3, 1}}}"
"{ 12.,   6.,   0., 213.}"	"{ -3.9910,  -6.1034,  -5.8671,  -5.3681,  -8.5203,  -7.3043, -11.3715, -12.4692,  -6.5358,  -9.4489,  -7.1223, -11.9267,  -9.4134, -10.0386, -11.3197, -11.1615,  -9.9134,  -7.1236, -11.6866,  -5.6823, -10.6691,  -7.8722,  -9.7638,  -5.5224, -11.4407}"	"{10, 6, -2, 99, {{-11, 1}, {-10, -4}, {-9, 8}, {-8, -12}, {-7, 15}, {-6, -16}, {-5, 15}, {-4, -13}, {-3, 9}, {-2, -4}, {-1, 2}}, {{-3, 1}, {-2, -8}, {-1, 24}, {0, -33}, {1, 24}, {2, -8}, {3, 1}}}"
"{6., 2., 0., 9.}"	"{-0.5084, -0.7699, -0.7453, -0.6739, -1.0705, -0.9202, -1.4357, -1.5613, -0.8271, -1.1980, -0.9030, -1.5040, -1.1758, -1.2708, -1.4195, -1.4039, -1.2488, -0.9010, -1.4669, -0.7184, -1.3507, -0.9944, -1.2285, -0.6961, -1.4440}"	"{13, 6, -2, 163, {{-15, 1}, {-14, -4}, {-13, 9}, {-12, -16}, {-11, 22}, {-10, -26}, {-9, 27}, {-8, -24}, {-7, 18}, {-6, -11}, {-5, 5}, {-4, -1}, {-2, 1}}, {{-3, 2}, {-2, -13}, {-1, 39}, {0, -55}, {1, 39}, {2, -13}, {3, 2}}}"
"{ 12.,   8.,   0., 189.}"	"{ -3.6425,  -5.5685,  -5.3553,  -4.8964,  -7.7729,  -6.6633, -10.3749, -11.3733,  -5.9639,  -8.6219,  -6.5002, -10.8804,  -8.5843,  -9.1605, -10.3253, -10.1816,  -9.0437,  -6.5000, -10.6601,  -5.1845,  -9.7357,  -7.1823,  -8.9069,  -5.0380, -10.4385}"	"{13, 6, -2, 163, {{-15, 1}, {-14, -4}, {-13, 9}, {-12, -16}, {-11, 22}, {-10, -26}, {-9, 27}, {-8, -24}, {-7, 18}, {-6, -11}, {-5, 5}, {-4, -1}, {-2, 1}}, {{-3, 2}, {-2, -13}, {-1, 39}, {0, -55}, {1, 39}, {2, -13}, {3, 2}}}"
"{ 23.,  22., -10., 139.}"	"{ -3.3028,  -5.0417,  -4.8571,  -4.4275,  -7.0263,  -6.0240,  -9.3848, -10.2704,  -5.3983,  -7.8062,  -5.8923,  -9.8332,  -7.7409,  -8.2938,  -9.3310,  -9.2049,  -8.1780,  -5.8821,  -9.6335,  -4.6867,  -8.8148,  -6.4957,  -8.0471,  -4.5548,  -9.4448}"	"{13, 6, -2, 163, {{-15, 1}, {-14, -4}, {-13, 9}, {-12, -16}, {-11, 22}, {-10, -26}, {-9, 27}, {-8, -24}, {-7, 18}, {-6, -11}, {-5, 5}, {-4, -1}, {-2, 1}}, {{-3, 2}, {-2, -13}, {-1, 39}, {0, -55}, {1, 39}, {2, -13}, {3, 2}}}"
"{15., 14.,  0., 33.}"	"{-1.4233, -2.1624, -2.0918, -1.8909, -3.0054, -2.5798, -4.0229, -4.3831, -2.3170, -3.3542, -2.5310, -4.2137, -3.2984, -3.5628, -3.9851, -3.9377, -3.5017, -2.5240, -4.1157, -2.0121, -3.7882, -2.7901, -3.4449, -1.9516, -4.0511}"	"{13, 6, -2, 163, {{-15, 1}, {-14, -4}, {-13, 9}, {-12, -16}, {-11, 22}, {-10, -26}, {-9, 27}, {-8, -24}, {-7, 18}, {-6, -11}, {-5, 5}, {-4, -1}, {-2, 1}}, {{-3, 2}, {-2, -13}, {-1, 39}, {0, -55}, {1, 39}, {2, -13}, {3, 2}}}"
"{0., 0., 0., 1.}"	"{-0.1587, -0.2377, -0.2313, -0.2092, -0.3310, -0.2857, -0.4475, -0.4835, -0.2573, -0.3737, -0.2801, -0.4678, -0.3656, -0.3953, -0.4393, -0.4347, -0.3874, -0.2807, -0.4550, -0.2230, -0.4192, -0.3092, -0.3815, -0.2165, -0.4481}"	"{10, 6, -2, 99, {{-11, 1}, {-10, -4}, {-9, 8}, {-8, -12}, {-7, 15}, {-6, -16}, {-5, 15}, {-4, -13}, {-3, 9}, {-2, -4}, {-1, 2}}, {{-3, 1}, {-2, -8}, {-1, 24}, {0, -33}, {1, 24}, {2, -8}, {3, 1}}}"
"{ 21.,  12.,  -4., 437.}"	"{ -8.0625, -12.3354, -11.8545, -10.8510, -17.2221, -14.7642, -22.9824, -25.2068, -13.2099, -19.0957, -14.3942, -24.1053, -19.0293, -20.2871, -22.8847, -22.5621, -20.0380, -14.3965, -23.6252, -11.4830, -21.5607, -15.9105, -19.7340, -11.1620, -23.1253}"	"{10, 6, -2, 99, {{-11, 1}, {-10, -4}, {-9, 8}, {-8, -12}, {-7, 15}, {-6, -16}, {-5, 15}, {-4, -13}, {-3, 9}, {-2, -4}, {-1, 2}}, {{-3, 1}, {-2, -8}, {-1, 24}, {0, -33}, {1, 24}, {2, -8}, {3, 1}}}"
"{10.,  6.,  2., 87.}"	"{-1.8659, -2.8485, -2.7436, -2.5021, -3.9732, -3.4059, -5.3057, -5.8101, -3.0497, -4.4101, -3.3262, -5.5623, -4.3834, -4.6867, -5.2743, -5.2034, -4.6227, -3.3248, -5.4463, -2.6519, -4.9814, -3.6731, -4.5529, -2.5752, -5.3366}"	"{13, 6, -2, 163, {{-15, 1}, {-14, -4}, {-13, 9}, {-12, -16}, {-11, 22}, {-10, -26}, {-9, 27}, {-8, -24}, {-7, 18}, {-6, -11}, {-5, 5}, {-4, -1}, {-2, 1}}, {{-3, 2}, {-2, -13}, {-1, 39}, {0, -55}, {1, 39}, {2, -13}, {3, 2}}}"
"{  19.,   10.,   -4., 1781.}"	"{-30.6485, -46.9258, -45.0603, -41.3059, -65.5704, -56.2048, -87.4696, -96.0017, -50.2693, -72.6532, -54.7433, -91.7661, -72.5143, -77.1819, -87.1494, -85.8941, -76.2849, -54.7814, -89.9690, -43.7059, -82.0294, -60.5708, -75.1376, -42.4926, -88.0254}"	"{10, 6, -2, 99, {{-11, 1}, {-10, -4}, {-9, 8}, {-8, -12}, {-7, 15}, {-6, -16}, {-5, 15}, {-4, -13}, {-3, 9}, {-2, -4}, {-1, 2}}, {{-3, 1}, {-2, -8}, {-1, 24}, {0, -33}, {1, 24}, {2, -8}, {3, 1}}}"
"{ 11.,   8.,   4., 133.}"	"{-2.6859, -4.1026, -3.9497, -3.6054, -5.7259, -4.9081, -7.6439, -8.3750, -4.3937, -6.3523, -4.7900, -8.0159, -6.3206, -6.7508, -7.6029, -7.4981, -6.6612, -4.7892, -7.8494, -3.8208, -7.1746, -5.2932, -6.5621, -3.7108, -7.6899}"	"{13, 6, -2, 163, {{-15, 1}, {-14, -4}, {-13, 9}, {-12, -16}, {-11, 22}, {-10, -26}, {-9, 27}, {-8, -24}, {-7, 18}, {-6, -11}, {-5, 5}, {-4, -1}, {-2, 1}}, {{-3, 2}, {-2, -13}, {-1, 39}, {0, -55}, {1, 39}, {2, -13}, {3, 2}}}"
"{ 1.9000e+01,  1.0000e+01, -2.0000e+00,  2.1870e+03}"	"{ -37.5064,  -57.4269,  -55.1432,  -50.5507,  -80.2479,  -68.7856, -107.0476, -117.4927,  -61.5197,  -88.9132,  -66.9925, -112.3074,  -88.7509,  -94.4550, -106.6578, -105.1204,  -93.3604,  -67.0417, -110.1089,  -53.4887, -100.3868,  -74.1304,  -91.9585,  -52.0038, -107.7285}"	"{10, 6, -2, 99, {{-11, 1}, {-10, -4}, {-9, 8}, {-8, -12}, {-7, 15}, {-6, -16}, {-5, 15}, {-4, -13}, {-3, 9}, {-2, -4}, {-1, 2}}, {{-3, 1}, {-2, -8}, {-1, 24}, {0, -33}, {1, 24}, {2, -8}, {3, 1}}}"
"{  23.,   14.,    0., 2753.}"	"{ -47.1845,  -72.2449,  -69.3727,  -63.5939, -100.9565,  -86.5350, -134.6701, -147.8118,  -77.3940, -111.8552,  -84.2789, -141.2884, -111.6532, -118.8282, -134.1812, -132.2457, -117.4511,  -84.3414, -138.5220,  -67.2914, -126.2911,  -93.2602, -115.6885,  -65.4227, -135.5277}"	"{10, 6, -2, 99, {{-11, 1}, {-10, -4}, {-9, 8}, {-8, -12}, {-7, 15}, {-6, -16}, {-5, 15}, {-4, -13}, {-3, 9}, {-2, -4}, {-1, 2}}, {{-3, 1}, {-2, -8}, {-1, 24}, {0, -33}, {1, 24}, {2, -8}, {3, 1}}}"
"{3., 2., 2., 3.}"	"{-0.3607, -0.5435, -0.5287, -0.4760, -0.7563, -0.6517, -1.0182, -1.1034, -0.5865, -0.8501, -0.6394, -1.0670, -0.8319, -0.9012, -1.0039, -0.9920, -0.8834, -0.6389, -1.0378, -0.5093, -0.9568, -0.7057, -0.8696, -0.4931, -1.0237}"	"{13, 6, -2, 163, {{-15, 1}, {-14, -4}, {-13, 9}, {-12, -16}, {-11, 22}, {-10, -26}, {-9, 27}, {-8, -24}, {-7, 18}, {-6, -11}, {-5, 5}, {-4, -1}, {-2, 1}}, {{-3, 2}, {-2, -13}, {-1, 39}, {0, -55}, {1, 39}, {2, -13}, {3, 2}}}"
"{12., 10., -4., 17.}"	"{-1.0942, -1.6598, -1.6061, -1.4517, -2.3041, -1.9813, -3.0881, -3.3607, -1.7811, -2.5796, -1.9455, -3.2365, -2.5258, -2.7375, -3.0589, -3.0225, -2.6894, -1.9404, -3.1572, -1.5451, -2.9097, -2.1418, -2.6421, -1.4991, -3.1114}"	"{13, 6, -2, 163, {{-15, 1}, {-14, -4}, {-13, 9}, {-12, -16}, {-11, 22}, {-10, -26}, {-9, 27}, {-8, -24}, {-7, 18}, {-6, -11}, {-5, 5}, {-4, -1}, {-2, 1}}, {{-3, 2}, {-2, -13}, {-1, 39}, {0, -55}, {1, 39}, {2, -13}, {3, 2}}}"
"{ 3.,  2., -2.,  3.}"	"{-0.3114, -0.4700, -0.4551, -0.4122, -0.6528, -0.5620, -0.8771, -0.9524, -0.5060, -0.7337, -0.5523, -0.9188, -0.7166, -0.7775, -0.8667, -0.8568, -0.7632, -0.5513, -0.8951, -0.4388, -0.8257, -0.6077, -0.7495, -0.4257, -0.8823}"	"{13, 6, -2, 163, {{-15, 1}, {-14, -4}, {-13, 9}, {-12, -16}, {-11, 22}, {-10, -26}, {-9, 27}, {-8, -24}, {-7, 18}, {-6, -11}, {-5, 5}, {-4, -1}, {-2, 1}}, {{-3, 2}, {-2, -13}, {-1, 39}, {0, -55}, {1, 39}, {2, -13}, {3, 2}}}"
"{  22.,   16.,   -6., 2647.}"	"{ -45.4080,  -69.5260,  -66.7607,  -61.2021,  -97.1555,  -83.2777, -129.6009, -142.2473,  -74.4824, -107.6470,  -81.1094, -135.9683, -107.4481, -114.3561, -129.1321, -127.2684, -113.0310,  -81.1670, -133.3091,  -64.7570, -121.5379,  -89.7483, -111.3313,  -62.9606, -130.4283}"	"{10, 6, -2, 99, {{-11, 1}, {-10, -4}, {-9, 8}, {-8, -12}, {-7, 15}, {-6, -16}, {-5, 15}, {-4, -13}, {-3, 9}, {-2, -4}, {-1, 2}}, {{-3, 1}, {-2, -8}, {-1, 24}, {0, -33}, {1, 24}, {2, -8}, {3, 1}}}"
"{14., 12., -2., 27.}"	"{-1.2612, -1.9165, -1.8530, -1.6762, -2.6621, -2.2861, -3.5639, -3.8827, -2.0532, -2.9729, -2.2435, -3.7330, -2.9208, -3.1568, -3.5309, -3.4894, -3.1034, -2.2374, -3.6463, -1.7828, -3.3571, -2.4707, -3.0510, -1.7296, -3.5887}"	"{13, 6, -2, 163, {{-15, 1}, {-14, -4}, {-13, 9}, {-12, -16}, {-11, 22}, {-10, -26}, {-9, 27}, {-8, -24}, {-7, 18}, {-6, -11}, {-5, 5}, {-4, -1}, {-2, 1}}, {{-3, 2}, {-2, -13}, {-1, 39}, {0, -55}, {1, 39}, {2, -13}, {3, 2}}}"
"{ 2.3000e+01,  1.6000e+01, -4.0000e+00,  7.7805e+04}"	"{-1312.7051, -2010.3016, -1929.9720, -1769.8842, -2809.7532, -2408.3438, -3747.7583, -4114.1514, -2153.7554, -3112.6282, -2345.0173, -3932.1440, -3108.1238, -3306.5830, -3734.6948, -3680.5630, -3268.8105, -2347.0383, -3855.5237, -1872.6586, -3514.2522, -2595.4839, -3219.8047, -1820.7759, -3771.7544}"	"{10, 6, -2, 99, {{-11, 1}, {-10, -4}, {-9, 8}, {-8, -12}, {-7, 15}, {-6, -16}, {-5, 15}, {-4, -13}, {-3, 9}, {-2, -4}, {-1, 2}}, {{-3, 1}, {-2, -8}, {-1, 24}, {0, -33}, {1, 24}, {2, -8}, {3, 1}}}"
"{ 7.,  4.,  4., 13.}"	"{-0.6814, -1.0320, -1.0006, -0.9021, -1.4345, -1.2335, -1.9249, -2.0927, -1.1077, -1.6042, -1.2087, -2.0172, -1.5770, -1.7038, -1.9022, -1.8808, -1.6723, -1.2076, -1.9664, -0.9628, -1.8104, -1.3345, -1.6476, -0.9332, -1.9357}"	"{13, 6, -2, 163, {{-15, 1}, {-14, -4}, {-13, 9}, {-12, -16}, {-11, 22}, {-10, -26}, {-9, 27}, {-8, -24}, {-7, 18}, {-6, -11}, {-5, 5}, {-4, -1}, {-2, 1}}, {{-3, 2}, {-2, -13}, {-1, 39}, {0, -55}, {1, 39}, {2, -13}, {3, 2}}}"
"{ 20.,  16., -10., 711.}"	"{-12.7076, -19.4498, -18.6827, -17.1162, -27.1656, -23.2866, -36.2449, -39.7666, -20.8336, -30.1125, -22.6960, -38.0187, -30.0274, -31.9890, -36.1044, -35.5881, -31.6071, -22.7025, -37.2718, -18.1083, -33.9983, -25.0948, -31.1260, -17.6066, -36.4757}"	"{10, 6, -2, 99, {{-11, 1}, {-10, -4}, {-9, 8}, {-8, -12}, {-7, 15}, {-6, -16}, {-5, 15}, {-4, -13}, {-3, 9}, {-2, -4}, {-1, 2}}, {{-3, 1}, {-2, -8}, {-1, 24}, {0, -33}, {1, 24}, {2, -8}, {3, 1}}}"
"{13.,  6.,  2., 19.}"	"{-1.0133, -1.5381, -1.4889, -1.3444, -2.1358, -1.8359, -2.8628, -3.1147, -1.6486, -2.3877, -1.8005, -2.9999, -2.3447, -2.5349, -2.8323, -2.8008, -2.4907, -1.7967, -2.9265, -1.4332, -2.6953, -1.9849, -2.4504, -1.3884, -2.8812}"	"{13, 6, -2, 163, {{-15, 1}, {-14, -4}, {-13, 9}, {-12, -16}, {-11, 22}, {-10, -26}, {-9, 27}, {-8, -24}, {-7, 18}, {-6, -11}, {-5, 5}, {-4, -1}, {-2, 1}}, {{-3, 2}, {-2, -13}, {-1, 39}, {0, -55}, {1, 39}, {2, -13}, {3, 2}}}"
"{12.,  8.,  2., 59.}"	"{-1.5179, -2.3142, -2.2328, -2.0296, -3.2244, -2.7647, -4.3087, -4.7103, -2.4769, -3.5831, -2.7038, -4.5146, -3.5511, -3.8087, -4.2773, -4.2219, -3.7518, -2.7007, -4.4174, -2.1536, -4.0477, -2.9837, -3.6949, -2.0897, -4.3331}"	"{13, 6, -2, 163, {{-15, 1}, {-14, -4}, {-13, 9}, {-12, -16}, {-11, 22}, {-10, -26}, {-9, 27}, {-8, -24}, {-7, 18}, {-6, -11}, {-5, 5}, {-4, -1}, {-2, 1}}, {{-3, 2}, {-2, -13}, {-1, 39}, {0, -55}, {1, 39}, {2, -13}, {3, 2}}}"
"{13., 10., -4., 57.}"	"{-1.5530, -2.3667, -2.2832, -2.0761, -3.2957, -2.8266, -4.4048, -4.8135, -2.5333, -3.6659, -2.7670, -4.6133, -3.6274, -3.8945, -4.3737, -4.3173, -3.8367, -2.7613, -4.5164, -2.2000, -4.1391, -3.0496, -3.7749, -2.1365, -4.4313}"	"{13, 6, -2, 163, {{-15, 1}, {-14, -4}, {-13, 9}, {-12, -16}, {-11, 22}, {-10, -26}, {-9, 27}, {-8, -24}, {-7, 18}, {-6, -11}, {-5, 5}, {-4, -1}, {-2, 1}}, {{-3, 2}, {-2, -13}, {-1, 39}, {0, -55}, {1, 39}, {2, -13}, {3, 2}}}"
"{14.,  6., -2., 47.}"	"{-1.3626, -2.0767, -2.0036, -1.8201, -2.8887, -2.4787, -3.8625, -4.2180, -2.2206, -3.2148, -2.4257, -4.0455, -3.1789, -3.4154, -3.8320, -3.7853, -3.3635, -2.4219, -3.9580, -1.9303, -3.6299, -2.6739, -3.3102, -1.8727, -3.8840}"	"{13, 6, -2, 163, {{-15, 1}, {-14, -4}, {-13, 9}, {-12, -16}, {-11, 22}, {-10, -26}, {-9, 27}, {-8, -24}, {-7, 18}, {-6, -11}, {-5, 5}, {-4, -1}, {-2, 1}}, {{-3, 2}, {-2, -13}, {-1, 39}, {0, -55}, {1, 39}, {2, -13}, {3, 2}}}"
"{ 12.,   8.,   2., 483.}"	"{ -8.5813, -13.1312, -12.6164, -11.5546, -18.3436, -15.7239, -24.4745, -26.8516, -14.0660, -20.3313, -15.3218, -25.6745, -20.2788, -21.6001, -24.3760, -24.0282, -21.3408, -15.3294, -25.1647, -12.2299, -22.9561, -16.9477, -21.0213, -11.8880, -24.6281}"	"{10, 6, -2, 99, {{-11, 1}, {-10, -4}, {-9, 8}, {-8, -12}, {-7, 15}, {-6, -16}, {-5, 15}, {-4, -13}, {-3, 9}, {-2, -4}, {-1, 2}}, {{-3, 1}, {-2, -8}, {-1, 24}, {0, -33}, {1, 24}, {2, -8}, {3, 1}}}"
"{ 20.,  16.,   4., 109.}"	"{-2.6482, -4.0395, -3.8962, -3.5433, -5.6300, -4.8257, -7.5190, -8.2258, -4.3232, -6.2522, -4.7182, -7.8814, -6.2011, -6.6471, -7.4698, -7.3711, -6.5500, -4.7133, -7.7127, -3.7592, -7.0653, -5.2083, -6.4505, -3.6483, -7.5656}"	"{13, 6, -2, 163, {{-15, 1}, {-14, -4}, {-13, 9}, {-12, -16}, {-11, 22}, {-10, -26}, {-9, 27}, {-8, -24}, {-7, 18}, {-6, -11}, {-5, 5}, {-4, -1}, {-2, 1}}, {{-3, 2}, {-2, -13}, {-1, 39}, {0, -55}, {1, 39}, {2, -13}, {3, 2}}}"
"{ 14.,  10.,  -4., 277.}"	"{ -5.1937,  -7.9438,  -7.6350,  -6.9877, -11.0901,  -9.5066, -14.8004, -16.2307,  -8.5077, -12.2987,  -9.2717, -15.5220, -12.2513, -13.0655, -14.7360, -14.5282, -12.9035,  -9.2715, -15.2124,  -7.3944, -13.8861, -10.2456, -12.7068,  -7.1879, -14.8923}"	"{13, 6, -2, 163, {{-15, 1}, {-14, -4}, {-13, 9}, {-12, -16}, {-11, 22}, {-10, -26}, {-9, 27}, {-8, -24}, {-7, 18}, {-6, -11}, {-5, 5}, {-4, -1}, {-2, 1}}, {{-3, 2}, {-2, -13}, {-1, 39}, {0, -55}, {1, 39}, {2, -13}, {3, 2}}}"
"{ 8.,  4.,  0., 25.}"	"{-0.8132, -1.2369, -1.1945, -1.0834, -1.7207, -1.4766, -2.3018, -2.5106, -1.3242, -1.9170, -1.4463, -2.4107, -1.8921, -2.0363, -2.2810, -2.2541, -2.0036, -1.4438, -2.3571, -1.1506, -2.1645, -1.5941, -1.9726, -1.1163, -2.3151}"	"{13, 6, -2, 163, {{-15, 1}, {-14, -4}, {-13, 9}, {-12, -16}, {-11, 22}, {-10, -26}, {-9, 27}, {-8, -24}, {-7, 18}, {-6, -11}, {-5, 5}, {-4, -1}, {-2, 1}}, {{-3, 2}, {-2, -13}, {-1, 39}, {0, -55}, {1, 39}, {2, -13}, {3, 2}}}"
"{15., 14., -8.,  5.}"	"{-1.2387, -1.8757, -1.8170, -1.6403, -2.6031, -2.2414, -3.4910, -3.7962, -2.0178, -2.9217, -2.2024, -3.6630, -2.8488, -3.0989, -3.4592, -3.4161, -3.0423, -2.1975, -3.5683, -1.7493, -3.2940, -2.4245, -2.9848, -1.6974, -3.5227}"	"{13, 6, -2, 163, {{-15, 1}, {-14, -4}, {-13, 9}, {-12, -16}, {-11, 22}, {-10, -26}, {-9, 27}, {-8, -24}, {-7, 18}, {-6, -11}, {-5, 5}, {-4, -1}, {-2, 1}}, {{-3, 2}, {-2, -13}, {-1, 39}, {0, -55}, {1, 39}, {2, -13}, {3, 2}}}"
"{4., 6., 4., 5.}"	"{-0.5597, -0.8431, -0.8202, -0.7368, -1.1721, -1.0100, -1.5774, -1.7101, -0.9092, -1.3167, -0.9913, -1.6538, -1.2880, -1.3977, -1.5569, -1.5371, -1.3679, -0.9897, -1.6083, -0.7884, -1.4839, -1.0953, -1.3475, -0.7648, -1.5880}"	"{13, 6, -2, 163, {{-15, 1}, {-14, -4}, {-13, 9}, {-12, -16}, {-11, 22}, {-10, -26}, {-9, 27}, {-8, -24}, {-7, 18}, {-6, -11}, {-5, 5}, {-4, -1}, {-2, 1}}, {{-3, 2}, {-2, -13}, {-1, 39}, {0, -55}, {1, 39}, {2, -13}, {3, 2}}}"
"{1.9000e+01, 1.4000e+01, 2.0000e+00, 2.4943e+04}"	"{ -421.2496,  -645.1003,  -619.3323,  -567.9445,  -901.6332,  -772.8234, -1202.6390, -1320.1989,  -691.1320,  -998.8326,  -752.5132, -1261.8041,  -997.3651, -1061.0747, -1198.4348, -1181.0693, -1048.9414,  -753.1567, -1237.2075,  -600.9290, -1127.7155,  -832.8782, -1033.2166,  -584.2767, -1210.3369}"	"{10, 6, -2, 99, {{-11, 1}, {-10, -4}, {-9, 8}, {-8, -12}, {-7, 15}, {-6, -16}, {-5, 15}, {-4, -13}, {-3, 9}, {-2, -4}, {-1, 2}}, {{-3, 1}, {-2, -8}, {-1, 24}, {0, -33}, {1, 24}, {2, -8}, {3, 1}}}"
"{ 2.1000e+01,  1.4000e+01, -2.0000e+00,  2.1990e+03}"	"{ -37.8001,  -57.8745,  -55.5753,  -50.9434,  -80.8722,  -69.3202, -107.8807, -118.4047,  -61.9990,  -89.6060,  -67.5164, -113.1810,  -89.4375,  -95.1919, -107.4871, -105.9374,  -94.0862,  -67.5643, -110.9640,  -53.9049, -101.1700,  -74.7074,  -92.6730,  -52.4080, -108.5678}"	"{10, 6, -2, 99, {{-11, 1}, {-10, -4}, {-9, 8}, {-8, -12}, {-7, 15}, {-6, -16}, {-5, 15}, {-4, -13}, {-3, 9}, {-2, -4}, {-1, 2}}, {{-3, 1}, {-2, -8}, {-1, 24}, {0, -33}, {1, 24}, {2, -8}, {3, 1}}}"
"{   26.,    20.,     0., 11393.}"	"{-193.0146, -295.5711, -283.7763, -260.2114, -413.0943, -354.0790, -551.0112, -604.8548, -316.6575, -457.6399, -344.7907, -578.1127, -456.9348, -486.1607, -549.0714, -541.1212, -480.5854, -345.0759, -566.8340, -275.3267, -516.6943, -381.5954, -473.3789, -267.6946, -554.5364}"	"{10, 6, -2, 99, {{-11, 1}, {-10, -4}, {-9, 8}, {-8, -12}, {-7, 15}, {-6, -16}, {-5, 15}, {-4, -13}, {-3, 9}, {-2, -4}, {-1, 2}}, {{-3, 1}, {-2, -8}, {-1, 24}, {0, -33}, {1, 24}, {2, -8}, {3, 1}}}"
"{17., 12., -6., 75.}"	"{-1.9937, -3.0403, -2.9313, -2.6673, -4.2328, -3.6306, -5.6565, -6.1834, -3.2535, -4.7076, -3.5533, -5.9254, -4.6591, -5.0009, -5.6186, -5.5460, -4.9280, -3.5465, -5.8018, -2.8254, -5.3155, -3.9154, -4.8478, -2.7444, -5.6913}"	"{13, 6, -2, 163, {{-15, 1}, {-14, -4}, {-13, 9}, {-12, -16}, {-11, 22}, {-10, -26}, {-9, 27}, {-8, -24}, {-7, 18}, {-6, -11}, {-5, 5}, {-4, -1}, {-2, 1}}, {{-3, 2}, {-2, -13}, {-1, 39}, {0, -55}, {1, 39}, {2, -13}, {3, 2}}}"
"{ 16.,  10.,  -2., 123.}"	"{-2.6392, -4.0311, -3.8811, -3.5413, -5.6214, -4.8194, -7.5057, -8.2207, -4.3156, -6.2402, -4.7072, -7.8690, -6.2003, -6.6307, -7.4641, -7.3636, -6.5413, -4.7039, -7.7069, -3.7506, -7.0474, -5.1949, -6.4402, -3.6440, -7.5512}"	"{13, 6, -2, 163, {{-15, 1}, {-14, -4}, {-13, 9}, {-12, -16}, {-11, 22}, {-10, -26}, {-9, 27}, {-8, -24}, {-7, 18}, {-6, -11}, {-5, 5}, {-4, -1}, {-2, 1}}, {{-3, 2}, {-2, -13}, {-1, 39}, {0, -55}, {1, 39}, {2, -13}, {3, 2}}}"
"{ 23.,  16.,   4., 109.}"	"{-2.7372, -4.1756, -4.0274, -3.6612, -5.8173, -4.9868, -7.7702, -8.4986, -4.4673, -6.4611, -4.8761, -8.1442, -6.4052, -6.8694, -7.7176, -7.6165, -6.7677, -4.8708, -7.9684, -3.8848, -7.3014, -5.3816, -6.6646, -3.7694, -7.8165}"	"{13, 6, -2, 163, {{-15, 1}, {-14, -4}, {-13, 9}, {-12, -16}, {-11, 22}, {-10, -26}, {-9, 27}, {-8, -24}, {-7, 18}, {-6, -11}, {-5, 5}, {-4, -1}, {-2, 1}}, {{-3, 2}, {-2, -13}, {-1, 39}, {0, -55}, {1, 39}, {2, -13}, {3, 2}}}"
"{ 12.,   6.,  -2., 191.}"	"{ -3.6289,  -5.5493,  -5.3347,  -4.8805,  -7.7452,  -6.6403, -10.3381, -11.3346,  -5.9422,  -8.5908,  -6.4764, -10.8418,  -8.5557,  -9.1269, -10.2901, -10.1469,  -9.0121,  -6.4764, -10.6236,  -5.1654,  -9.6997,  -7.1557,  -8.8752,  -5.0202, -10.4003}"	"{13, 6, -2, 163, {{-15, 1}, {-14, -4}, {-13, 9}, {-12, -16}, {-11, 22}, {-10, -26}, {-9, 27}, {-8, -24}, {-7, 18}, {-6, -11}, {-5, 5}, {-4, -1}, {-2, 1}}, {{-3, 2}, {-2, -13}, {-1, 39}, {0, -55}, {1, 39}, {2, -13}, {3, 2}}}"
"{  20.,   14.,    6., 1087.}"	"{-19.0216, -29.1144, -27.9676, -25.6215, -40.6780, -34.8673, -54.2674, -59.5493, -31.1875, -45.0763, -33.9677, -56.9317, -44.9762, -47.8900, -54.0583, -53.2828, -47.3226, -33.9887, -55.8063, -27.1177, -50.8968, -37.5803, -46.6153, -26.3604, -54.6101}"	"{10, 6, -2, 99, {{-11, 1}, {-10, -4}, {-9, 8}, {-8, -12}, {-7, 15}, {-6, -16}, {-5, 15}, {-4, -13}, {-3, 9}, {-2, -4}, {-1, 2}}, {{-3, 1}, {-2, -8}, {-1, 24}, {0, -33}, {1, 24}, {2, -8}, {3, 1}}}"
"{  17.,   14.,   -4., 1029.}"	"{-18.0019, -27.5567, -26.4666, -24.2535, -38.4999, -33.0008, -51.3622, -56.3631, -29.5198, -42.6654, -32.1518, -53.8812, -42.5680, -45.3255, -51.1680, -50.4328, -44.7913, -32.1690, -52.8226, -25.6634, -48.1721, -35.5659, -44.1165, -24.9504, -51.6882}"	"{10, 6, -2, 99, {{-11, 1}, {-10, -4}, {-9, 8}, {-8, -12}, {-7, 15}, {-6, -16}, {-5, 15}, {-4, -13}, {-3, 9}, {-2, -4}, {-1, 2}}, {{-3, 1}, {-2, -8}, {-1, 24}, {0, -33}, {1, 24}, {2, -8}, {3, 1}}}"
"{11., 10.,  8., 37.}"	"{-1.2709, -1.9307, -1.8687, -1.6890, -2.6880, -2.3059, -3.5971, -3.9209, -2.0690, -2.9932, -2.2583, -3.7688, -2.9554, -3.1825, -3.5621, -3.5187, -3.1280, -2.2549, -3.6811, -1.7988, -3.3828, -2.4955, -3.0832, -1.7444, -3.6191}"	"{13, 6, -2, 163, {{-15, 1}, {-14, -4}, {-13, 9}, {-12, -16}, {-11, 22}, {-10, -26}, {-9, 27}, {-8, -24}, {-7, 18}, {-6, -11}, {-5, 5}, {-4, -1}, {-2, 1}}, {{-3, 2}, {-2, -13}, {-1, 39}, {0, -55}, {1, 39}, {2, -13}, {3, 2}}}"
"{ 13.,   8.,   6., 207.}"	"{ -3.9738,  -6.0733,  -5.8428,  -5.3390,  -8.4789,  -7.2677, -11.3166, -12.4054,  -6.5037,  -9.4025,  -7.0879, -11.8695,  -9.3646,  -9.9916, -11.2608, -11.1044,  -9.8633,  -7.0894, -11.6254,  -5.6563, -10.6188,  -7.8363,  -9.7179,  -5.4945, -11.3848}"	"{10, 6, -2, 99, {{-11, 1}, {-10, -4}, {-9, 8}, {-8, -12}, {-7, 15}, {-6, -16}, {-5, 15}, {-4, -13}, {-3, 9}, {-2, -4}, {-1, 2}}, {{-3, 1}, {-2, -8}, {-1, 24}, {0, -33}, {1, 24}, {2, -8}, {3, 1}}}"
"{14.,  6.,  2., 55.}"	"{-1.4749, -2.2490, -2.1692, -1.9712, -3.1307, -2.6850, -4.1840, -4.5729, -2.4050, -3.4799, -2.6258, -4.3840, -3.4468, -3.6989, -4.1520, -4.1003, -3.6430, -2.6231, -4.2889, -2.0917, -3.9320, -2.8966, -3.5876, -2.0292, -4.2071}"	"{13, 6, -2, 163, {{-15, 1}, {-14, -4}, {-13, 9}, {-12, -16}, {-11, 22}, {-10, -26}, {-9, 27}, {-8, -24}, {-7, 18}, {-6, -11}, {-5, 5}, {-4, -1}, {-2, 1}}, {{-3, 2}, {-2, -13}, {-1, 39}, {0, -55}, {1, 39}, {2, -13}, {3, 2}}}"
"{ 22.,  16.,   2., 211.}"	"{ -4.3842,  -6.6973,  -6.4485,  -5.8837,  -9.3439,  -8.0095, -12.4731, -13.6652,  -7.1708, -10.3675,  -7.8196, -13.0790, -10.3086, -11.0178, -12.4073, -12.2372, -10.8705,  -7.8160, -12.8095,  -6.2339, -11.7100,  -8.6362, -10.7062,  -6.0558, -12.5504}"	"{13, 6, -2, 163, {{-15, 1}, {-14, -4}, {-13, 9}, {-12, -16}, {-11, 22}, {-10, -26}, {-9, 27}, {-8, -24}, {-7, 18}, {-6, -11}, {-5, 5}, {-4, -1}, {-2, 1}}, {{-3, 2}, {-2, -13}, {-1, 39}, {0, -55}, {1, 39}, {2, -13}, {3, 2}}}"
